model,seed,regime,phase,raw_first_order_alignment_change,positive_coordinate_risk_fraction,positive_coordinate_risk_sum,negative_coordinate_risk_abs_sum_derived,cancellation_fraction,globally_nonharmful_but_positive_coordinate_risk
Qwen3-14B,42,benign,1,-0.0218203235417604,0.4576831459999084,0.0444448553025722,0.0662651788443326,0.802905638048975,1.0
Qwen3-14B,42,benign,2,-0.0016450444236397,0.4982104897499084,0.0270690508186817,0.0287140952423214,0.9705100099259243,1.0
Qwen3-14B,42,benign,3,-0.0013047065585851,0.4989959895610809,0.0213494673371315,0.0226541738957166,0.9703500319057425,1.0
Qwen3-14B,42,benign,4,-0.0015162252821028,0.4980712831020355,0.0209637694060802,0.022479994688183,0.9650991272576444,1.0
Qwen3-14B,42,benign,5,-0.0008371258154511,0.4991550147533417,0.0206546001136302,0.0214917259290813,0.9801376325280939,1.0
Qwen3-14B,42,benign,6,0.0006587777170352,0.5013617873191833,0.0218385905027389,0.0211798127857037,0.9846861420537152,0.0
Qwen3-14B,42,conflict,1,-0.0453643091022968,0.3654273450374603,0.0565544813871383,0.1019187904894351,0.7137415756921539,1.0
Qwen3-14B,42,conflict,2,-0.0036882702261209,0.4661006033420563,0.0619930513203144,0.0656813215464353,0.9711118986269057,1.0
Qwen3-14B,42,conflict,3,-0.001042288262397,0.4877781569957733,0.070063441991806,0.071105730254203,0.9926167431188118,1.0
Qwen3-14B,42,conflict,4,0.0011712728301063,0.4946641027927398,0.083385057747364,0.0822137849172577,0.9929270470055251,0.0
Qwen3-14B,42,conflict,5,-0.0010391836985945,0.4976870119571686,0.0869194194674491,0.0879586031660436,0.994057665549133,1.0
Qwen3-14B,42,conflict,6,-0.0006711387541145,0.4996302127838135,0.0813811421394348,0.0820522808935493,0.995893503656354,1.0
Qwen3-14B,43,benign,1,-0.0253340471535921,0.4562647342681885,0.048480249941349,0.0738142970949411,0.7928440166177287,1.0
Qwen3-14B,43,benign,2,-0.0029850227292627,0.4975744187831878,0.0281844679266214,0.031169490655884098,0.9497081104520881,1.0
Qwen3-14B,43,benign,3,0.0002606658090371,0.5031496286392212,0.0233027674257755,0.0230421016167384,0.9943755195683479,0.0
Qwen3-14B,43,benign,4,-0.0003521111211739,0.5013611912727356,0.0233085937798023,0.0236607049009762,0.992503377076865,1.0
Qwen3-14B,43,benign,5,-0.0013699112460017,0.4965591132640838,0.0235448107123374,0.0249147219583391,0.9717308201193064,1.0
Qwen3-14B,43,benign,6,0.000557507679332,0.5019147992134094,0.0241625756025314,0.0236050679231994,0.9883287590054198,0.0
Qwen3-14B,43,conflict,1,-0.0521882027387619,0.3561704158782959,0.0605414509773254,0.1127296537160873,0.6988060829236119,1.0
Qwen3-14B,43,conflict,2,-0.0025852527469396,0.463477224111557,0.0631119012832641,0.06569715403020371,0.9799295729586078,1.0
Qwen3-14B,43,conflict,3,-0.0030522956512868,0.481635719537735,0.0702073872089386,0.0732596828602254,0.978724764854992,1.0
Qwen3-14B,43,conflict,4,0.0012689395807683,0.4946829974651336,0.0763978064060211,0.0751288668252528,0.9916256355814561,0.0
Qwen3-14B,43,conflict,5,-0.0015619613695889,0.4963248670101166,0.0872275084257125,0.0887894697953014,0.9911260755333066,1.0
Qwen3-14B,43,conflict,6,0.0001097534550353,0.5000683665275574,0.0841123089194297,0.08400255546439439,0.9993471519877938,0.0
Qwen3-14B,44,benign,1,-0.0256966426968574,0.4564486145973205,0.0501950085163116,0.075891651213169,0.7961985609580773,1.0
Qwen3-14B,44,benign,2,-0.0034701125696301,0.4932533204555511,0.0296419449150562,0.0331120574846863,0.9447029283084526,1.0
Qwen3-14B,44,benign,3,-8.340532804140821e-05,0.4988343417644501,0.0235715955495834,0.02365500087762481,0.9982339331149988,1.0
Qwen3-14B,44,benign,4,-0.0015288051217794,0.4983261525630951,0.0233734473586082,0.0249022524803876,0.9683317874856685,1.0
Qwen3-14B,44,benign,5,-0.0015298727666959,0.4992554783821106,0.0230322573333978,0.0245621301000937,0.9678560256955981,1.0
Qwen3-14B,44,benign,6,0.0004689178895205,0.5029241442680359,0.0238127335906028,0.023343815701082297,0.9900561449774447,0.0
Qwen3-14B,44,conflict,1,-0.0577914416790008,0.3504970669746399,0.0610602796077728,0.1188517212867736,0.6787793955286248,1.0
Qwen3-14B,44,conflict,2,-0.0028987526893615,0.4689768254756927,0.0617630220949649,0.0646617747843264,0.9770713280866159,1.0
Qwen3-14B,44,conflict,3,-0.0015295522753149,0.4848520457744598,0.0713713467121124,0.0729008989874273,0.9893981529995705,1.0
Qwen3-14B,44,conflict,4,0.0006997305899858,0.4979910850524902,0.0810735747218132,0.0803738441318274,0.9956658917500556,0.0
Qwen3-14B,44,conflict,5,-0.0005901254480704,0.5011830925941467,0.0842409506440162,0.0848310760920866,0.9965096210209184,1.0
Qwen3-14B,44,conflict,6,-0.0003412882215343,0.5032472610473633,0.0879727527499198,0.0883140409714541,0.9980640170807479,1.0
Qwen3-8B,42,benign,1,-0.0160271376371383,0.459559679031372,0.0366577804088592,0.052684918045997495,0.820610548882889,1.0
Qwen3-8B,42,benign,2,0.0015584781067445,0.4901435673236847,0.0208521261811256,0.0192936480743811,0.9611795229847703,0.0
Qwen3-8B,42,benign,3,0.0003463803441263,0.4943870604038238,0.0174909587949514,0.0171445784508251,0.9899992790159899,0.0
Qwen3-8B,42,benign,4,0.0005065406439825,0.4985279440879822,0.0173007771372795,0.016794236493297,0.9851432631917697,0.0
Qwen3-8B,42,benign,5,-2.8131151339039207e-05,0.4978971183300018,0.0170409437268972,0.01706907487823624,0.9991752818529742,1.0
Qwen3-8B,42,benign,6,0.0004059782950207,0.4993346929550171,0.017336681485176,0.0169307031901553,0.9881526326310814,0.0
Qwen3-8B,42,conflict,1,-0.0389502272009849,0.3551031947135925,0.0450821965932846,0.0840324237942695,0.6983282986537791,1.0
Qwen3-8B,42,conflict,2,-0.0055774645879864,0.465204507112503,0.0595482736825943,0.0651257382705807,0.9552636150821778,1.0
Qwen3-8B,42,conflict,3,-0.0018502547172829,0.4850836992263794,0.0598893426358699,0.0617395973531528,0.9847877099196138,1.0
Qwen3-8B,42,conflict,4,-0.0010907123796641,0.4961619973182678,0.0670939683914184,0.0681846807710825,0.9919372910180829,1.0
Qwen3-8B,42,conflict,5,-0.0003399245324544,0.5008474588394165,0.0723055079579353,0.07264543249038971,0.997654899434229,1.0
Qwen3-8B,42,conflict,6,-2.771831350401044e-05,0.4985151588916778,0.0751795098185539,0.07520722813205791,0.9998156864502699,1.0
Qwen3-8B,43,benign,1,-0.0170988850295543,0.4609268307685852,0.0407596938312053,0.057858578860759596,0.8266154480015805,1.0
Qwen3-8B,43,benign,2,0.001425506430678,0.4898315370082855,0.0222784783691167,0.0208529719384387,0.9669497218268059,0.0
Qwen3-8B,43,benign,3,0.0013376224087551,0.4966936409473419,0.0187561530619859,0.0174185306532308,0.963023245226262,0.0
Qwen3-8B,43,benign,4,0.0007216001977212,0.4981315433979034,0.0183293223381042,0.017607722140383,0.9799204356342335,0.0
Qwen3-8B,43,benign,5,-0.000607636233326,0.4972530007362366,0.0178215578198432,0.018429194053169198,0.9832379688163553,1.0
Qwen3-8B,43,benign,6,0.0001321307208854,0.4975000619888305,0.0182063076645135,0.0180741769436281,0.996358077288313,0.0
Qwen3-8B,43,conflict,1,-0.0413979403674602,0.35803884267807,0.0503263622522354,0.09172430261969561,0.7085691896987356,1.0
Qwen3-8B,43,conflict,2,-0.0045629278756678,0.4668671190738678,0.0587397739291191,0.0633027018047869,0.9626119689212423,1.0
Qwen3-8B,43,conflict,3,-0.0023566943127661,0.4823595583438873,0.0603425726294517,0.06269926694221781,0.9808463989081261,1.0
Qwen3-8B,43,conflict,4,0.000935589428991,0.4936637282371521,0.068090908229351,0.06715531880036,0.9930823251077794,0.0
Qwen3-8B,43,conflict,5,-0.0022203181870281,0.4959690868854522,0.0754899159073829,0.077710234094411,0.9855070756327451,1.0
Qwen3-8B,43,conflict,6,0.0004629112663678,0.5020902156829834,0.0732844322919845,0.0728215210256167,0.9968316741662023,0.0
Qwen3-8B,44,benign,1,-0.0168349780142307,0.4611571431159973,0.0396912060678005,0.0565261840820312,0.8250318576713116,1.0
Qwen3-8B,44,benign,2,0.0007859341567382,0.487772524356842,0.0215221308171749,0.0207361966604367,0.9814016738557723,0.0
Qwen3-8B,44,benign,3,0.001151071395725,0.4973882138729095,0.0180214121937751,0.0168703407980501,0.967010215967232,0.0
Qwen3-8B,44,benign,4,0.0005172251258045,0.4969146847724914,0.017431728541851,0.0169145034160465,0.9849408480546417,0.0
Qwen3-8B,44,benign,5,0.0001239395496668,0.5014041662216187,0.0176576301455497,0.0175336905958829,0.9964781216772897,0.0
Qwen3-8B,44,benign,6,0.0004814449930563,0.4993410408496856,0.0179605185985565,0.0174790736055002,0.9864150526822035,0.0
Qwen3-8B,44,conflict,1,-0.0422949753701686,0.357308566570282,0.0490300357341766,0.09132501110434521,0.6986572529961899,1.0
Qwen3-8B,44,conflict,2,-0.0041626580059528,0.4687869846820831,0.0579401180148124,0.0621027760207652,0.9653235783809153,1.0
Qwen3-8B,44,conflict,3,-0.0016890480183064,0.4857802093029022,0.0594285316765308,0.06111757969483721,0.9859883657872387,1.0
Qwen3-8B,44,conflict,4,-0.0012761759571731,0.4922222793102264,0.0654393285512924,0.0667155045084655,0.9903433273863239,1.0
Qwen3-8B,44,conflict,5,-0.0003294961061328,0.4951009154319763,0.0688222497701644,0.0691517458762972,0.9976118970492303,1.0
Qwen3-8B,44,conflict,6,-0.0008191142696887,0.500421941280365,0.0747558176517486,0.0755749319214373,0.9945512526744242,1.0
Qwen3-8B,45,benign,1,-0.0173162724822759,0.4599524736404419,0.0395685359835624,0.0568848084658383,0.8204699631606865,1.0
Qwen3-8B,45,benign,2,0.0012626932002604,0.490190714597702,0.020709678530693,0.019446985330432598,0.9685558241434798,0.0
Qwen3-8B,45,benign,3,0.0010723416926339,0.4957550168037414,0.0177795719355344,0.016707230242900502,0.9689057371255938,0.0
Qwen3-8B,45,benign,4,0.0005669631646014,0.4956194460391998,0.0171854831278324,0.016618519963231,0.9832279282700904,0.0
Qwen3-8B,45,benign,5,0.0001665589370531,0.4977227449417114,0.0173807106912136,0.017214151754160502,0.995185443002813,0.0
Qwen3-8B,45,benign,6,-4.931436706101522e-05,0.499565988779068,0.0175235327333211,0.017572847100382115,0.9985948873560555,1.0
Qwen3-8B,45,conflict,1,-0.0433509387075901,0.3570134937763214,0.0482560098171234,0.0916069485247135,0.6900470344575671,1.0
Qwen3-8B,45,conflict,2,-0.0037629981525242,0.4718290269374847,0.0591107383370399,0.0628737364895641,0.9691518272479088,1.0
Qwen3-8B,45,conflict,3,-0.0038856931496411,0.4810201227664947,0.0588645115494728,0.0627502046991139,0.9680491533467172,1.0
Qwen3-8B,45,conflict,4,-0.0009163556969724,0.494600236415863,0.0672211050987243,0.0681374607956967,0.9932301610103704,1.0
Qwen3-8B,45,conflict,5,0.0014446743298321,0.4969530999660492,0.0697008967399597,0.0682562224101276,0.9895280914915279,0.0
Qwen3-8B,45,conflict,6,-0.0002369073918089,0.5021302700042725,0.0751389637589454,0.0753758711507543,0.9984260196547999,1.0
Qwen3-8B,46,benign,1,-0.0164694059640169,0.4604799449443817,0.0400193184614181,0.056488724425435004,0.8293468039412448,1.0
Qwen3-8B,46,benign,2,0.0015797236701473,0.4892774522304535,0.0217493399977684,0.020169616327621098,0.9623148139022132,0.0
Qwen3-8B,46,benign,3,0.0010474774753674,0.4951479136943817,0.0182318650186061,0.0171843875432387,0.9704238195857039,0.0
Qwen3-8B,46,benign,4,0.0001925096148625,0.4952051043510437,0.017934788018465,0.0177422784036025,0.9946041075074652,0.0
Qwen3-8B,46,benign,5,0.0008427528664469,0.4955206513404846,0.01834112778306,0.017498374916613102,0.9764853638313852,0.0
Qwen3-8B,46,benign,6,-0.0004892840515822,0.4986178576946258,0.0177387855947017,0.0182280696462839,0.9863962515403726,1.0
Qwen3-8B,46,conflict,1,-0.042536161839962,0.3448644876480102,0.0479520969092845,0.0904882587492465,0.6927473810824407,1.0
Qwen3-8B,46,conflict,2,-0.0043975212611258,0.4652886390686035,0.059251919388771,0.0636494406498968,0.964219100099932,1.0
Qwen3-8B,46,conflict,3,-0.0025019510649144,0.4861005842685699,0.0604314431548118,0.0629333942197262,0.9797190908028482,1.0
Qwen3-8B,46,conflict,4,-0.0010043332586064,0.4929580390453338,0.0661521777510643,0.0671565110096707,0.9924661080388466,1.0
Qwen3-8B,46,conflict,5,0.0001578164519742,0.5003228783607483,0.0715424716472625,0.0713846551952883,0.998895825757779,0.0
Qwen3-8B,46,conflict,6,-8.325744420289993e-05,0.5021414160728455,0.0779828876256942,0.0780661450698971,0.9994664661307749,1.0
Qwen3-8B,47,benign,1,-0.0180360227823257,0.4596011936664581,0.0398556441068649,0.057891666889190604,0.8154831821096999,1.0
Qwen3-8B,47,benign,2,0.0013672970235347,0.4890758991241455,0.0214212071150541,0.0200539100915194,0.9670333174292274,0.0
Qwen3-8B,47,benign,3,0.0011378359049558,0.4962970316410064,0.017719842493534,0.0165820065885782,0.9668287297797844,0.0
Qwen3-8B,47,benign,4,0.0003119624743703,0.4948891103267669,0.0172116681933403,0.016899705718970003,0.9908545907540324,0.0
Qwen3-8B,47,benign,5,0.0006597461178898,0.5012692809104919,0.017814002931118,0.0171542568132282,0.9811330011069118,0.0
Qwen3-8B,47,benign,6,-0.0012367306044325,0.4951540529727936,0.017410259693861,0.0186469902982935,0.9657009171608596,1.0
Qwen3-8B,47,conflict,1,-0.0461039952933788,0.3458269834518432,0.0471621043980121,0.09326609969139091,0.6716899173329391,1.0
Qwen3-8B,47,conflict,2,-0.0037733383942395,0.4700616896152496,0.0594789758324623,0.0632523142267018,0.9692552861424294,1.0
Qwen3-8B,47,conflict,3,-0.0029604458250105,0.4871378540992737,0.0613561570644378,0.0643166028894483,0.9764432178771534,1.0
Qwen3-8B,47,conflict,4,-0.0009439490968361,0.4979064464569092,0.0678694546222686,0.06881340371910469,0.9930938735969471,1.0
Qwen3-8B,47,conflict,5,0.00069918227382,0.4996542334556579,0.0733022838830947,0.0726031016092747,0.9952079748704233,0.0
Qwen3-8B,47,conflict,6,0.0011954514775425,0.5045475959777832,0.0793120861053466,0.07811663462780409,0.9924063952754285,0.0
Qwen3-8B,48,benign,1,-0.0179889313876628,0.4600624144077301,0.0406847633421421,0.058673694729804896,0.8189491691322671,1.0
Qwen3-8B,48,benign,2,0.0011840391671285,0.4876132011413574,0.0211567226797342,0.0199726835126057,0.9712118584549606,0.0
Qwen3-8B,48,benign,3,0.0015071465168148,0.495977908372879,0.0184110421687364,0.0169038956519216,0.9573226909114598,0.0
Qwen3-8B,48,benign,4,0.0008727045496925,0.4976390302181244,0.0182783491909503,0.0174056446412578,0.9755435292978668,0.0
Qwen3-8B,48,benign,5,-4.844363866141066e-05,0.4972106516361236,0.0178471989929676,0.01789564263162901,0.9986446617991315,1.0
Qwen3-8B,48,benign,6,-8.496230293530971e-05,0.4997890889644623,0.0184198003262281,0.01850476262916341,0.9976990302352948,1.0
Qwen3-8B,48,conflict,1,-0.0440630689263343,0.348569244146347,0.0481892898678779,0.0922523587942122,0.6862535483875418,1.0
Qwen3-8B,48,conflict,2,-0.0039804033003747,0.4662961661815643,0.0583972632884979,0.062377666588872595,0.9670428018098108,1.0
Qwen3-8B,48,conflict,3,-0.0029616383835673,0.4833262860774994,0.0601631924510002,0.0631248308345675,0.9759778905960123,1.0
Qwen3-8B,48,conflict,4,-0.0004971006419509,0.4942699670791626,0.0676550269126892,0.06815212755464009,0.9963396579222895,1.0
Qwen3-8B,48,conflict,5,0.0012947381474077,0.4961913824081421,0.0750003308057785,0.0737055926583708,0.9912932980929987,0.0
Qwen3-8B,48,conflict,6,-0.003006630577147,0.4950391054153442,0.0769525617361068,0.0799591923132538,0.9808387166700004,1.0
