model,seed,regime,condition,phase,cumulative_target_tokens,alignment_accuracy,alignment_margin_mean,alignment_margin_median,chosen_mean_logp,rejected_mean_logp,alignment_pairs,shift_nll,shift_perplexity,shift_eval_tokens,l2_drift,relative_l2_drift,control_alignment_loss_pre,phase_train_loss,phase_target_tokens_actual,raw_first_order_alignment_change,constructed_first_order_alignment_change,post_first_order_alignment_change,raw_update_alignment_descent_cosine,post_update_alignment_descent_cosine,raw_update_norm,post_update_norm,retained_update_norm_ratio,intervention_norm,coordinate_killed_fraction,positive_coordinate_risk_fraction,positive_coordinate_risk_sum,negative_coordinate_risk_abs_sum,global_projection_activated,counterfactual_cm_update_norm,counterfactual_cm_retained_norm_ratio,counterfactual_cm_killed_fraction,norm_match_abs_error_after_bf16,norm_match_relative_error_after_bf16,norm_match_rounding_bound,norm_match_direction_cosine_raw_vs_post,alignment_accuracy_change,alignment_margin_mean_change,shift_nll_improvement
Qwen3-8B,42,benign,norm_matched,0,0,0.4897958934307098,-0.0137435914948582,-0.0164573192596435,-2.302565574645996,-2.2888219356536865,2303,2.707981850829832,14.99897478095173,577662,0.0,0.0,,,,,,,,,,,,,,,,,,,,,,,,,0.0,0.0,0.0
Qwen3-8B,42,benign,norm_matched,1,819200,0.491098552942276,-0.0141682717949152,-0.0116670131683349,-2.2113444805145264,-2.197176218032837,2303,2.567863790603869,13.0379428950087,577662,2.1318185329437256,0.0765016451478004,0.7698720064014196,2.5790710026258603,819200.0,-0.0160271376371383,-0.0122891794890165,-0.0122891785576939,0.0539491586387157,0.0539491586387157,2.7802467346191406,2.1318185329437256,0.7667731642723083,0.6484281420707703,0.0,0.459559679031372,0.0366577804088592,0.0526849180459976,0.0,2.1318185329437256,0.7667731642723083,0.459559679031372,0.0,0.0,0.1093788575708458,1.0,0.0013026595115662176,-0.00042468030005699854,0.14011806022596307
Qwen3-8B,42,benign,norm_matched,2,1638400,0.4919669926166534,-0.0167359784245491,-0.0106348991394042,-2.189173460006714,-2.172437191009521,2303,2.5290134841909064,12.541128011017056,577662,3.413172483444214,0.1224838346242904,0.7623983927071094,2.515643054023094,819200.0,0.0006360127590596,0.000473694410175,0.000473694410175,-0.0036849912721663,-0.0036849912721663,1.9903963804244995,1.4824224710464478,0.7447875738143921,0.5079737305641174,0.0,0.4799914360046386,0.021673722192645,0.0210377108305692,0.0,1.4824225902557373,0.7447876334190369,0.4799914360046386,1.1920928955078125e-07,8.04151868261911e-08,0.109969313678448,1.0,0.0021710991859436035,-0.0029923869296908986,0.17896836663892568
Qwen3-8B,42,benign,norm_matched,3,2457600,0.4919669926166534,-0.0181678794324398,-0.0137841701507568,-2.171171903610229,-2.153003931045532,2303,2.512339869054049,12.333755696526412,577662,4.31627368927002,0.1548921912908554,0.763646899163723,2.5114069163627573,819200.0,0.0006275855703279,0.0004576259525492,0.0004576259816531,-0.0039773257449269,-0.0039773266762495,1.6170116662979126,1.1791003942489624,0.7291848659515381,0.4379111230373382,0.0,0.4884158670902252,0.018032032996416,0.0174044482409954,0.0,1.179100513458252,0.7291849255561829,0.4884158670902252,1.1920928955078125e-07,1.0110188927078442e-07,0.1105204413288447,0.9999999403953552,0.0021710991859436035,-0.0044242879375816,0.19564198177578307
Qwen3-8B,42,benign,norm_matched,4,3276800,0.4924012124538421,-0.019289931282401,-0.0112335681915283,-2.1609156131744385,-2.1416261196136475,2303,2.503714779090108,12.227833395387258,577662,4.929896831512451,0.1769124418497085,0.7646435984969139,2.4987272806745024,819200.0,0.0009406671160832,0.0006715561030432,0.0006715562194585,-0.0065119778737425,-0.0065119788050651,1.3149405717849731,0.9387555122375488,0.7139148116111755,0.3761850297451019,0.0,0.4953489601612091,0.0170437879860401,0.0161031186580657,0.0,0.9387555122375488,0.7139148116111755,0.4953489601612091,0.0,0.0,0.1109608365622989,1.0,0.0026053190231323242,-0.005546339787542801,0.20426707173972414
Qwen3-8B,42,benign,norm_matched,5,4096000,0.4915327727794647,-0.0205408614128828,-0.0172376632690429,-2.152902841567993,-2.132361888885498,2303,2.497846040171956,12.156281598428846,577662,5.440826416015625,0.19524747133255,0.7654083912819624,2.488739194603113,819200.0,0.0005717625608667,0.0004070043505635,0.0004070043505635,-0.0039036087691783,-0.0039036085363477,1.2075015306472778,0.8595498204231262,0.7118415832519531,0.347951740026474,0.0,0.4953837990760803,0.0174126531928777,0.0168408919125795,0.0,0.8595498204231262,0.7118415832519531,0.4953837990760803,0.0,0.0,0.1113684183255827,1.0,0.0017368793487549383,-0.006797269918024601,0.21013581065787612
Qwen3-8B,42,benign,norm_matched,6,4915200,0.4932696223258972,-0.0225903447717428,-0.0105476379394531,-2.149746894836426,-2.1271564960479736,2303,2.49360764410027,12.104867495887769,577662,5.85343074798584,0.2100540250539779,0.7660499531775713,2.47586642109236,819200.0,0.0009017151314765,0.0006355880759656,0.0006355880177579,-0.0063043306581676,-0.0063043306581676,1.093306541442871,0.7706342935562134,0.7048656940460205,0.3226722776889801,0.0,0.4981006383895874,0.0172630809247493,0.016361366957426,0.0,0.7706342935562134,0.7048656940460205,0.4981006383895874,0.0,0.0,0.111723880192585,1.0000001192092896,0.0034737288951874334,-0.0088467532768846,0.2143742067295622
Qwen3-8B,42,conflict,norm_matched,0,0,0.4897958934307098,-0.0137435914948582,-0.0164573192596435,-2.302565574645996,-2.2888219356536865,2303,2.263833523610398,9.619896671488302,109575,0.0,0.0,,,,,,,,,,,,,,,,,,,,,,,,,0.0,0.0,0.0
Qwen3-8B,42,conflict,norm_matched,1,819200,0.4915327727794647,-0.0147747490555047,-0.0175528526306152,-1.921217918395996,-1.9064428806304927,2303,1.946716196076282,7.005644603749185,109575,4.757549285888672,0.1707276403903961,0.7698720064014196,1.9663887934696689,819200.0,-0.0389502272009849,-0.0345837101340293,-0.0345837101340293,0.0680299773812294,0.0680299773812294,5.358234882354736,4.757549285888672,0.887894868850708,0.6006855964660645,0.0,0.3551031947135925,0.0450821965932846,0.0840324312448501,0.0,4.757549285888672,0.887894868850708,0.3551031947135925,0.0,0.0,0.1113807177862327,0.9999999403953552,0.0017368793487549383,-0.0010311575606464993,0.31711732753411614
Qwen3-8B,42,conflict,norm_matched,2,1638400,0.4950065016746521,-0.0133305583149194,-0.0081393718719482,-1.8994688987731931,-1.8861384391784668,2303,1.926331501638076,6.864282387009959,109575,6.577759742736816,0.2360470294952392,0.7639337512850761,1.9275468744112003,819200.0,-0.0049289749003946,-0.0039452845230698,-0.0039452845230698,0.0070831100456416,0.0070831105113029,2.9608635902404785,2.369955062866211,0.8004269599914551,0.5909085869789124,0.0,0.4503365755081177,0.0568181723356246,0.0617471449077129,0.0,2.369955062866211,0.8004269599914551,0.4503365755081177,0.0,0.0,0.1131374012984451,1.0000001192092896,0.005210608243942316,0.0004130331799388001,0.33750202197232215
Qwen3-8B,42,conflict,norm_matched,3,2457600,0.4950065016746521,-0.0137212788686156,-0.0098748207092285,-1.8911727666854856,-1.877451777458191,2303,1.91666429544458,6.798243673039219,109575,7.75112771987915,0.2781540751457214,0.7617539005726576,1.9115649309617584,819200.0,-0.0018281869124621,-0.0013642618432641,-0.0013642618432641,0.0025404824409633,0.0025404822081327,2.354572296142578,1.757070541381836,0.7462376952171326,0.5975016951560974,0.0,0.4772005379199981,0.0585507303476333,0.0603789128363132,0.0,1.7570706605911257,0.7462376952171326,0.4772005379199981,1.1920928955078125e-07,6.784547270892114e-08,0.1144882995140506,1.0,0.005210608243942316,2.2312626242601205e-05,0.3471692281658181
Qwen3-8B,42,conflict,norm_matched,4,3276800,0.4915327727794647,-0.0153133738785982,-0.0117130279541015,-1.8875048160552976,-1.8721915483474727,2303,1.9101205591249213,6.7539029940857205,109575,8.677566528320312,0.311399906873703,0.7617757203429938,1.9061863974922744,819200.0,-0.0011105282464995,-0.0008062139386311,-0.0008062138804234,0.0014107299502938,0.0014107298338785,2.084897518157959,1.513580083847046,0.72597336769104,0.5713174343109131,0.0,0.4899285733699798,0.063805416226387,0.0649159476161003,0.0,1.513580083847046,0.72597336769104,0.4899285733699798,0.0,0.0,0.1156753092800499,0.9999999403953552,0.0017368793487549383,-0.0015697823837399986,0.35371296448547684
Qwen3-8B,42,conflict,norm_matched,5,4096000,0.4945722818374634,-0.0165500156581401,-0.0106806755065917,-1.8872994184494016,-1.870749354362488,2303,1.9056165166285224,6.723551531432747,109575,9.484633445739746,0.340362012386322,0.7619750571250915,1.8955343232007,819200.0,-0.0005351519212126,-0.0003820220590569,-0.0003820220008492,0.0006071554962545,0.0006071553798392,1.9185774326324463,1.3695905208587646,0.7138572931289673,0.5489869117736816,0.0,0.4949211180210113,0.0683935582637786,0.0689287036657333,0.0,1.3695905208587646,0.7138572931289673,0.4949211180210113,0.0,0.0,0.1167878812193521,0.9999998807907104,0.0047763884067535956,-0.0028064241632818985,0.35821700698187575
Qwen3-8B,42,conflict,norm_matched,6,4915200,0.4937038421630859,-0.0172538142651319,-0.0107765197753906,-1.8875644207000728,-1.8703105449676516,2303,1.9023833528066536,6.701848291837345,109575,10.186328887939451,0.3655427992343902,0.7624669114500284,1.8889862660889047,819200.0,0.0003199905913788,0.00022711296333,0.0002271128614665,-0.0003321653057355,-0.0003321653348393,1.791101574897766,1.2712315320968628,0.7097484469413757,0.5198699831962585,0.0,0.4972487390041351,0.0731986612081527,0.072878673672676,0.0,1.2712315320968628,0.7097484469413757,0.4972487390041351,0.0,0.0,0.1178195152533589,1.0,0.003907948732376099,-0.0035102227702736976,0.36145017080374453
Qwen3-8B,43,benign,norm_matched,0,0,0.4919669926166534,-0.0149896135553717,-0.0131236314773559,-2.296619176864624,-2.2816295623779297,2303,2.7093566444212835,15.019609456318593,577662,0.0,0.0,,,,,,,,,,,,,,,,,,,,,,,,,0.0,0.0,0.0
Qwen3-8B,43,benign,norm_matched,1,819200,0.4902301132678985,-0.0152383586391806,-0.0151638984680175,-2.20315933227539,-2.1879210472106934,2303,2.568775735475503,13.049838203276751,577662,2.133049488067627,0.0765635073184967,0.773017520532012,2.578284262328525,819200.0,-0.0170988850295543,-0.0131127750501036,-0.0131127750501036,0.0526926666498184,0.052692674100399,2.781468391418457,2.133049488067627,0.7668789029121399,0.6484189629554749,0.0,0.4609268307685852,0.0407596938312053,0.05785858258605,0.0,2.133049488067627,0.7668789029121399,0.4609268307685852,0.0,0.0,0.1093554438702995,1.0,-0.0017368793487548828,-0.0002487450838088989,0.14058090894578035
Qwen3-8B,43,benign,norm_matched,2,1638400,0.4915327727794647,-0.017592204734683,-0.0149469375610351,-2.177498579025269,-2.1599063873291016,2303,2.529002843912725,12.54099457063623,577662,3.4252853393554688,0.122946910560131,0.7645569036900998,2.5439740583178354,819200.0,0.0001601081312401,0.0001194875367218,0.000119487507618,-0.0008571147918701,-0.0008571146172471,2.004912614822388,1.4962517023086548,0.7462927103042603,0.5086609721183777,0.0,0.4791648685932159,0.0233673937618732,0.0232072845101356,0.0,1.4962517023086548,0.7462927103042603,0.4791648685932159,0.0,0.0,0.1099510359345004,0.9999999403953552,-0.0004342198371886652,-0.002602591179311298,0.18035380050855876
Qwen3-8B,43,benign,norm_matched,3,2457600,0.4915327727794647,-0.0205335170030593,-0.009082555770874,-2.169832229614258,-2.149298667907715,2303,2.5125659927161124,12.33654496587952,577662,4.339852333068848,0.1557743102312088,0.7656870501488448,2.4967630560087857,819200.0,0.0013882187195122,0.0010054092854261,0.0010054092854261,-0.0082296840846538,-0.0082296840846538,1.6424298286437988,1.1895201206207275,0.7242441177368164,0.4529096484184265,0.0,0.4898799955844879,0.0195311307907104,0.0181429125368595,0.0,1.1895201206207275,0.7242441177368164,0.4898799955844879,0.0,0.0,0.1105119956991984,0.9999998807907104,-0.0004342198371886652,-0.0055439034476876,0.19679065170517118
Qwen3-8B,43,benign,norm_matched,4,3276800,0.4919669926166534,-0.0218019392341375,-0.0094878673553466,-2.1633195877075195,-2.141517639160156,2303,2.503862701610111,12.22964230110293,577662,4.963817119598389,0.178170844912529,0.7670991503447294,2.4986646524971,819200.0,0.0012260685907676,0.0008689467795193,0.0008689468377269,-0.0078951902687549,-0.0078951902687549,1.3370797634124756,0.9476233124732972,0.7087261080741882,0.3894564211368561,0.0,0.4953656494617462,0.0183803774416446,0.0171543098986148,0.0,0.9476233124732972,0.7087261080741882,0.4953656494617462,0.0,0.0,0.110963207003806,0.9999998807907104,0.0,-0.0068123256787658,0.2054939428111724
Qwen3-8B,43,benign,norm_matched,5,4096000,0.491098552942276,-0.0231713149696588,-0.0168286561965942,-2.158358335494995,-2.1351869106292725,2303,2.4982403880859394,12.161076348056602,577662,5.445850372314453,0.1954729110002517,0.7681690848618746,2.49433974110143,819200.0,0.0002743307850323,0.0001941526425071,0.0001941526134032,-0.0018048004712909,-0.0018048002384603,1.16958487033844,0.827752411365509,0.7077317833900452,0.3418324887752533,0.0,0.4951463043689728,0.0180104095488786,0.017736081033945,0.0,0.8277523517608643,0.7077317833900452,0.4951463043689728,5.960464477539064e-08,7.20078229298831e-08,0.111349596423679,1.0000001192092896,-0.0008684396743773859,-0.008181701414287099,0.21111625633534414
Qwen3-8B,43,benign,norm_matched,6,4915200,0.4889274835586548,-0.025171160697937,-0.0222904682159423,-2.155101537704468,-2.129930257797241,2303,2.494227052324716,12.112367672966434,577662,5.850047111511231,0.2099811136722564,0.7685135892778635,2.496104693643574,819200.0,0.0010372373508289,0.000732077518478,0.000732077518478,-0.0068324180319905,-0.0068324175663292,1.0815343856811523,0.7633422017097473,0.7057955861091614,0.318192183971405,0.0,0.4976652264595032,0.018814742565155,0.0177775043994188,0.0,0.7633422017097473,0.7057955861091614,0.4976652264595032,0.0,0.0,0.1116977084311656,1.0000001192092896,-0.0030395090579986017,-0.0101815471425653,0.21512959209656746
Qwen3-8B,43,conflict,norm_matched,0,0,0.4919669926166534,-0.0149896135553717,-0.0131236314773559,-2.296619176864624,-2.2816295623779297,2303,2.2513215265746207,9.500282419895056,109575,0.0,0.0,,,,,,,,,,,,,,,,,,,,,,,,,0.0,0.0,0.0
Qwen3-8B,43,conflict,norm_matched,1,819200,0.4902301132678985,-0.0148890409618616,-0.0097520351409912,-1.9230777025222776,-1.9081887006759644,2303,1.947302426567313,7.009752730262087,109575,4.706972122192383,0.1689516752958297,0.773017520532012,1.9615344733760869,819200.0,-0.0413979403674602,-0.0364801511168479,-0.0364801511168479,0.0664311200380325,0.0664311125874519,5.341506004333496,4.706972122192383,0.8812069296836853,0.6345338225364685,0.0,0.35803884267807,0.0503263622522354,0.0917242988944053,0.0,4.706972122192383,0.8812069296836853,0.35803884267807,0.0,0.0,0.1113146063216845,0.9999998211860656,-0.0017368793487548828,0.0001005725935101006,0.3040191000073078
Qwen3-8B,43,conflict,norm_matched,2,1638400,0.4945722818374634,-0.0157559961080551,-0.0080904960632324,-1.902140974998474,-1.8863849639892576,2303,1.9264737716211784,6.865259037821569,109575,6.516448020935059,0.2339008599519729,0.7650214439630508,1.9234537094559343,819200.0,-0.0038480653893202,-0.0030212290585041,-0.0030212290585041,0.0056686969473958,0.005668697413057,2.988906145095825,2.346677780151367,0.7851293087005615,0.6422283053398132,0.0,0.4560312926769256,0.0567383244633674,0.060586392879486,0.0,2.346677780151367,0.7851293087005615,0.4560312926769256,0.0,0.0,0.1130504851098521,0.9999999403953552,0.002605289220809992,-0.0007663825526834003,0.3248477549534423
Qwen3-8B,43,conflict,norm_matched,3,2457600,0.4945722818374634,-0.0151271242648363,-0.014052391052246,-1.8918406963348389,-1.876713752746582,2303,1.9165880498205068,6.797725356467704,109575,7.709935665130615,0.2767398059368133,0.7631511501222848,1.906783488466899,819200.0,-0.0022070601116865,-0.001660079578869,-0.0016600796952843,0.0030938233248889,0.0030938233248889,2.3662068843841557,1.7797846794128418,0.752167820930481,0.5864222049713135,0.0,0.4753736555576324,0.0589999854564666,0.0612070448696613,0.0,1.7797846794128418,0.752167820930481,0.4753736555576324,0.0,0.0,0.114418997643952,1.0,0.002605289220809992,-0.0001375107094645986,0.3347334767541139
Qwen3-8B,43,conflict,norm_matched,4,3276800,0.4950065016746521,-0.0160342510789632,-0.0090799331665039,-1.889646291732788,-1.8736120462417605,2303,1.910083953070635,6.753655764871144,109575,8.654731750488281,0.3106522262096405,0.7622737079113722,1.8985776574505144,819200.0,-0.0004677059478126,-0.0003397914115339,-0.0003397914115339,0.000596625439357,0.0005966256139799,2.0921452045440674,1.5199567079544067,0.7265062928199768,0.5721883773803711,0.0,0.4861011505126953,0.0647050887346267,0.065172791481018,0.0,1.5199568271636963,0.7265063524246216,0.4861011505126953,1.1920928955078125e-07,7.842939182241828e-08,0.1156204536855511,1.0,0.0030395090579987127,-0.0010446375235914993,0.34123757350398565
Qwen3-8B,43,conflict,norm_matched,5,4096000,0.491098552942276,-0.0171778704971075,-0.0087509155273437,-1.8879036903381348,-1.8707258701324463,2303,1.9052587155362335,6.721146267679402,109575,9.452781677246094,0.3392973840236664,0.7633680238574744,1.8996792992543488,819200.0,-0.0010949568822979,-0.0007860364858061,-0.0007860364858061,0.0012181508354842,0.0012181513011455,1.9297891855239868,1.385336995124817,0.7178695797920227,0.5444520711898804,0.0,0.4924340844154358,0.0716861486434936,0.0727811008691787,0.0,1.3853371143341064,0.7178696393966675,0.4924340844154358,1.1920928955078125e-07,8.60507441238098e-08,0.1167222691874485,1.0000001192092896,-0.0008684396743773859,-0.0021882569417357983,0.3460628110383872
Qwen3-8B,43,conflict,norm_matched,6,4915200,0.4932696223258972,-0.0186734646558761,-0.0093417167663574,-1.889022707939148,-1.8703492879867556,2303,1.902018586214672,6.699404127277841,109575,10.158618927001951,0.36463263630867,0.7631758076697588,1.888972878143249,819200.0,0.0002775921020656,0.0001970167213585,0.0001970167504623,-0.0002958007389679,-0.0002958008262794,1.791358470916748,1.2713888883590698,0.7097344994544983,0.5199695825576782,0.0,0.4978304207324981,0.0733174383640289,0.0730398446321487,0.0,1.2713888883590698,0.7097344994544983,0.4978304207324981,0.0,0.0,0.117762430847506,1.0,0.00130262970924383,-0.0036838511005044,0.3493029403599488
Qwen3-8B,44,benign,norm_matched,0,0,0.4902301132678985,-0.0141763370484113,-0.0177756547927856,-2.3098390102386475,-2.295662879943848,2303,2.710282500771969,15.033521896585311,577662,0.0,0.0,,,,,,,,,,,,,,,,,,,,,,,,,0.0,0.0,0.0
Qwen3-8B,44,benign,norm_matched,1,819200,0.4937038421630859,-0.0143728675320744,-0.0155565738677978,-2.2196969985961914,-2.2053239345550537,2303,2.5691141771296406,13.054255559571018,577662,2.1314263343811035,0.0765047892928123,0.7721591664105654,2.5725836114346747,819200.0,-0.0168349780142307,-0.0128901544958353,-0.0128901544958353,0.0535376630723476,0.0535376667976379,2.78371524810791,2.1314263343811035,0.7656768560409546,0.6522887349128723,0.0,0.4611571431159973,0.0396912060678005,0.0565261878073215,0.0,2.1314265727996826,0.7656769156455994,0.4611571431159973,2.384185791015625e-07,1.1185868757767886e-07,0.109349689213559,1.0000001192092896,0.003473728895187378,-0.00019653048366309947,0.14116832364232845
Qwen3-8B,44,benign,norm_matched,2,1638400,0.4919669926166534,-0.0172358844429254,-0.0107529163360595,-2.1915059089660645,-2.174269914627075,2303,2.529231812758802,12.543866396458505,577662,3.4325051307678223,0.1232053339481353,0.7638560333102942,2.5277320740654248,819200.0,-0.0003594664158299,-0.0002690402034204,-0.0002690402034204,0.001979271415621,0.0019792716484516,2.0163519382476807,1.509124994277954,0.7484432458877563,0.5072270035743713,0.0,0.4779282510280609,0.0226477216929197,0.0230071879923343,0.0,1.509124994277954,0.7484432458877563,0.4779282510280609,0.0,0.0,0.109947018110688,1.0000001192092896,0.0017368793487548828,-0.003059547394514101,0.18105068801316726
Qwen3-8B,44,benign,norm_matched,3,2457600,0.4928354322910309,-0.0196136236190795,-0.0127474069595336,-2.1778953075408936,-2.1582815647125244,2303,2.512531620594093,12.336120939938034,577662,4.35072660446167,0.1561637073755264,0.7646498859673738,2.501989648134331,819200.0,0.0009819859405979,0.0007187140290625,0.0007187139708548,-0.0060336445458233,-0.006033644080162,1.6388951539993286,1.199504852294922,0.7318984866142273,0.4393902719020843,0.0,0.4880636036396026,0.0187113676220178,0.0177293829619884,0.0,1.199504852294922,0.7318984866142273,0.4880636036396026,0.0,0.0,0.1105117944352969,1.0000001192092896,0.0026053190231323797,-0.0054372865706682,0.197750880177876
Qwen3-8B,44,benign,norm_matched,4,3276800,0.4950065016746521,-0.0217043161392211,-0.0100376605987548,-2.169039487838745,-2.1473350524902344,2303,2.503879801453424,12.229851427858057,577662,4.97306489944458,0.1785017400979995,0.7657748752087354,2.499097734483948,819200.0,0.0008827507845126,0.0006282547255977,0.0006282547255977,-0.0059741525910794,-0.0059741525910794,1.3223679065704346,0.941130757331848,0.7117011547088623,0.3812371492385864,0.0,0.4935247600078583,0.0175591744482517,0.0166764259338378,0.0,0.941130757331848,0.7117011547088623,0.4935247600078583,0.0,0.0,0.1109631846411502,1.0,0.0047763884067535956,-0.007527979090809801,0.20640269931854505
Qwen3-8B,44,benign,norm_matched,5,4096000,0.4941380620002746,-0.0224224738776683,-0.0069270133972167,-2.162224769592285,-2.1398022174835205,2303,2.498335378011385,12.162231582659196,577662,5.428832530975342,0.1948609203100204,0.76687141045928,2.500589320752188,819200.0,0.0006759312236681,0.0004761691670864,0.0004761691088788,-0.0047566136345267,-0.0047566136345267,1.1420818567276,0.8045554161071777,0.7044638991355896,0.3375264108181,0.0,0.498955637216568,0.0174397304654121,0.016763798892498,0.0,0.8045554161071777,0.7044638991355896,0.498955637216568,0.0,0.0,0.1113267865148373,0.9999999403953552,0.003907948732376099,-0.008246136829257001,0.21194712276058425
Qwen3-8B,44,benign,norm_matched,6,4915200,0.4924012124538421,-0.0239547584205865,-0.0138635635375976,-2.162052869796753,-2.1380980014801025,2303,2.4944437207793007,12.114992325280914,577662,5.809872150421143,0.2085378468036651,0.767381699681282,2.4954541700737902,819200.0,0.0011049001477658,0.0007788902730681,0.0007788902730681,-0.0078608905896544,-0.007860891520977,1.0483602285385132,0.7390328645706177,0.7049417495727539,0.3093273341655731,0.0,0.4997941553592682,0.0177032649517059,0.0165983662009239,0.0,0.7390328645706177,0.7049417495727539,0.4997941553592682,0.0,0.0,0.1116533185595471,1.0,0.0021710991859436035,-0.0097784213721752,0.21583877999266843
Qwen3-8B,44,conflict,norm_matched,0,0,0.4902301132678985,-0.0141763370484113,-0.0177756547927856,-2.3098390102386475,-2.295662879943848,2303,2.2610130465675264,9.59280220139859,109575,0.0,0.0,,,,,,,,,,,,,,,,,,,,,,,,,0.0,0.0,0.0
Qwen3-8B,44,conflict,norm_matched,1,819200,0.491098552942276,-0.0147429201751947,-0.0116608142852783,-1.9218906164169312,-1.9071476459503172,2303,1.9479640989066425,7.014392424558656,109575,4.766653537750244,0.1710928678512573,0.7721591664105654,1.966483462511824,819200.0,-0.0422949753701686,-0.0372313931584358,-0.0372313931584358,0.0691460445523262,0.0691460371017456,5.414932727813721,4.766653537750244,0.8802793622016907,0.6482795476913452,0.0,0.357308566570282,0.0490300357341766,0.0913250148296356,0.0,4.766653060913086,0.8802793025970459,0.357308566570282,4.76837158203125e-07,1.0003605299349885e-07,0.1113708782177127,1.0000001192092896,0.0008684396743774969,-0.0005665831267834005,0.313048947660884
Qwen3-8B,44,conflict,norm_matched,2,1638400,0.4919669926166534,-0.0154760191217064,-0.0114930868148803,-1.9019184112548828,-1.8864426612854004,2303,1.926895109433821,6.868152240512834,109575,6.554665565490723,0.2352712452411651,0.7631613642722368,1.921273234100372,819200.0,-0.0032420048955827,-0.0025436307769268,-0.0025436310097575,0.0048320600762963,0.0048320600762963,2.9669907093048096,2.327858686447144,0.7845857739448547,0.6391319632530212,0.0,0.4579807221889496,0.0552533753216266,0.0584953799843788,0.0,2.327858686447144,0.7845857739448547,0.4579807221889496,0.0,0.0,0.113102053393959,0.9999999403953552,0.0017368793487548828,-0.0012996820732951008,0.3341179371337055
Qwen3-8B,44,conflict,norm_matched,3,2457600,0.4937038421630859,-0.0161619707942008,-0.0081404447555542,-1.893417239189148,-1.8772549629211424,2303,1.9176295310004563,6.804808747461867,109575,7.72479772567749,0.2772716283798218,0.762382407784462,1.9108910284991725,819200.0,-0.0009517088765278,-0.0007043615332804,-0.0007043615914881,0.0013639647513628,0.0013639647513628,2.3633430004119877,1.7491148710250854,0.7401019930839539,0.6142281293869019,0.0,0.4796944856643677,0.0581136606633663,0.0590653717517852,0.0,1.7491148710250854,0.7401019930839539,0.4796944856643677,0.0,0.0,0.1144487474302877,1.0,0.003473728895187378,-0.0019856337457895,0.34338351556707014
Qwen3-8B,44,conflict,norm_matched,4,3276800,0.491098552942276,-0.0166480541229248,-0.0071804523468017,-1.8882482051849363,-1.8716000318527224,2303,1.910317799461342,6.755235267569142,109575,8.688295364379883,0.311855137348175,0.7624751501530409,1.9036059628456128,819200.0,-0.0019157882779836,-0.0013902334030717,-0.0013902334030717,0.0024668655823916,0.0024668655823916,2.1205358505249023,1.5388128757476809,0.7256717085838318,0.5817229747772217,0.0,0.4866589605808258,0.0627219006419181,0.0646376833319664,0.0,1.5388128757476809,0.7256717085838318,0.4866589605808258,0.0,0.0,0.1156830020336201,1.0000001192092896,0.0008684396743774969,-0.0024717170745135013,0.3506952471061844
Qwen3-8B,44,conflict,norm_matched,5,4096000,0.4924012124538421,-0.0166327040642499,-0.0067359209060668,-1.887165188789368,-1.870532274246216,2303,1.9059455271744168,6.725764014737666,109575,9.447068214416504,0.3390902876853943,0.7626581245660782,1.896076722372818,819200.0,0.0002759170602075,0.0001970495213754,0.0001970494049601,-0.0003291556204203,-0.0003291553584858,1.8679790496826167,1.3340401649475098,0.714162290096283,0.5339388251304626,0.0,0.4935383796691894,0.0667248740792274,0.0664489567279815,0.0,1.3340401649475098,0.714162290096283,0.4935383796691894,0.0,0.0,0.116732801998296,1.0,0.0021710991859436035,-0.0024563670158385988,0.35506751939310965
Qwen3-8B,44,conflict,norm_matched,6,4915200,0.4937038421630859,-0.0178435537964105,-0.0084156990051269,-1.8876956701278689,-1.869852066040039,2303,1.902450468362316,6.702298105203985,109575,10.174665451049805,0.3652064502239227,0.7636628650873899,1.889729561671993,819200.0,-0.0006449386128224,-0.0004564224509522,-0.0004564223927445,0.0006740965764038,0.0006740965181961,1.8187520503997805,1.287129044532776,0.7076990008354187,0.5316229462623596,0.0,0.498502254486084,0.07254159450531,0.0731865316629409,0.0,1.2871291637420654,0.7076990604400635,0.498502254486084,1.1920928955078125e-07,9.261641559282565e-08,0.11780396575341,1.0,0.003473728895187378,-0.0036672167479992017,0.3585625782052104
Qwen3-8B,45,benign,norm_matched,0,0,0.4906643331050873,-0.0139301596209406,-0.0139317512512207,-2.3083384037017822,-2.2944083213806152,2303,2.708396561335284,15.005196303340574,577662,0.0,0.0,,,,,,,,,,,,,,,,,,,,,,,,,0.0,0.0,0.0
Qwen3-8B,45,benign,norm_matched,1,819200,0.4941380620002746,-0.0128897689282894,-0.0102603435516357,-2.211732864379883,-2.198843002319336,2303,2.568480972383072,13.045992159475958,577662,2.1329941749572754,0.0765274688601493,0.770182067155838,2.575757404840551,819200.0,-0.0173162724822759,-0.0132663818076252,-0.0132663818076252,0.0553357154130935,0.0553357154130935,2.784143447875977,2.1329941749572754,0.7661222219467163,0.6511491537094116,0.0,0.4599524736404419,0.0395685359835624,0.0568848028779029,0.0,2.1329944133758545,0.7661222815513611,0.4599524736404419,2.384185791015625e-07,1.1177646673917978e-07,0.1094033372246485,1.0000001192092896,0.0034737288951873224,0.0010403906926512007,0.13991558895221212
Qwen3-8B,45,benign,norm_matched,2,1638400,0.4932696223258972,-0.0157076381146907,-0.0097244977951049,-2.186744213104248,-2.171036720275879,2303,2.5291310428665463,12.542602416079916,577662,3.408933401107788,0.1223055571317672,0.7621550484746694,2.515421970705793,819200.0,0.0002845180861186,0.0002124084567185,0.0002124084421666,-0.0016794357215985,-0.0016794357215985,1.9826207160949707,1.4801356792449951,0.7465551495552063,0.5024850368499756,0.0,0.4790949523448944,0.0217408649623394,0.0214563459157943,0.0,1.4801356792449951,0.7465551495552063,0.4790949523448944,0.0,0.0,0.1099890748118923,1.0000001192092896,0.0026052892208099365,-0.0017774784937501006,0.17926551846873773
Qwen3-8B,45,benign,norm_matched,3,2457600,0.4928354322910309,-0.018659858033061,-0.0099866390228271,-2.175302028656006,-2.156642436981201,2303,2.5127180587572187,12.338421078076273,577662,4.291969299316406,0.1539870798587799,0.7633463609963655,2.4899997286539293,819200.0,0.0012561525218188,0.0009048075298778,0.0009048075880855,-0.0081096980720758,-0.0081096980720758,1.610459566116333,1.160015106201172,0.7203006744384766,0.4504443407058716,0.0,0.4907651245594024,0.018364192917943,0.0171080399304628,0.0,1.1600152254104614,0.7203007340431213,0.4907651245594024,1.1920928955078125e-07,1.0276528009242298e-07,0.1105280893571034,1.0000001192092896,0.0021710991859436035,-0.0047296984121203995,0.1956785025780654
Qwen3-8B,45,benign,norm_matched,4,3276800,0.4932696223258972,-0.0204858314245939,-0.0106699466705322,-2.1653072834014893,-2.1448214054107666,2303,2.5038762411696847,12.2298078861944,577662,4.914520740509033,0.1763229519128799,0.7647032225877046,2.4858603979469627,819200.0,0.0010234008077532,0.0007321654702536,0.0007321655284613,-0.0070619946345686,-0.0070619951002299,1.3311656713485718,0.9523478150367736,0.7154239416122437,0.3788178861141205,0.0,0.4936217963695526,0.0172875151038169,0.0162641108036041,0.0,0.9523478150367736,0.7154239416122437,0.4936217963695526,0.0,0.0,0.1109745821413525,1.0,0.0026052892208099365,-0.006555671803653301,0.2045203201655994
Qwen3-8B,45,benign,norm_matched,5,4096000,0.4924012124538421,-0.0216461364179849,-0.0099196434020996,-2.1585865020751958,-2.1369402408599854,2303,2.498160802389092,12.160108538833418,577662,5.4052348136901855,0.1939287781715393,0.765513195246458,2.4929469783420792,819200.0,0.0006665087421424,0.0004752893582917,0.0004752893291879,-0.0047473120503127,-0.0047473120503127,1.16198992729187,0.8286184072494507,0.7131029367446899,0.333371490240097,0.0,0.4953101575374603,0.0173538140952587,0.0166873056441545,0.0,0.8286184072494507,0.7131029367446899,0.4953101575374603,0.0,0.0,0.1113628649327438,1.0000001192092896,0.0017368793487548273,-0.0077159767970443,0.21023575894619206
Qwen3-8B,45,benign,norm_matched,6,4915200,0.4932696223258972,-0.0222404245287179,-0.0121066570281982,-2.1530661582946777,-2.1308257579803467,2303,2.494052694782481,12.110255974408966,577662,5.800844192504883,0.208122432231903,0.7663085961341858,2.481024453539576,819200.0,0.0006626055110245,0.0004631096671801,0.0004631097253877,-0.0046545537188649,-0.0046545537188649,1.0825713872909546,0.7566332221031189,0.6989222168922424,0.3259381949901581,0.0,0.4989332854747772,0.017601404339075,0.0169388018548488,0.0,0.7566332221031189,0.6989222168922424,0.4989332854747772,0.0,0.0,0.1117012193681148,0.9999999403953552,0.0026052892208099365,-0.0083102649077773,0.21434386655280324
Qwen3-8B,45,conflict,norm_matched,0,0,0.4906643331050873,-0.0139301596209406,-0.0139317512512207,-2.3083384037017822,-2.2944083213806152,2303,2.266218764705253,9.642869831728428,109575,0.0,0.0,,,,,,,,,,,,,,,,,,,,,,,,,0.0,0.0,0.0
Qwen3-8B,45,conflict,norm_matched,1,819200,0.4924012124538421,-0.0136814750730991,-0.0094529390335083,-1.9193434715271,-1.9056618213653564,2303,1.9470956801758927,7.008303638982717,109575,4.748292922973633,0.1703590452671051,0.770182067155838,1.9664237521130417,819200.0,-0.0433509387075901,-0.0383660048246383,-0.0383660048246383,0.071887232363224,0.0718872398138046,5.365243911743164,4.748292922973633,0.8850097060203552,0.6169509887695312,0.0,0.3570134937763214,0.0482560098171234,0.0916069522500038,0.0,4.748292922973633,0.8850097060203552,0.3570134937763214,0.0,0.0,0.1114148208362166,1.0000001192092896,0.0017368793487548273,0.00024868454784150035,0.31912308452936045
Qwen3-8B,45,conflict,norm_matched,2,1638400,0.4963091611862182,-0.0154259279370307,-0.0057810544967651,-1.9003267288208008,-1.884900689125061,2303,1.926205324437992,6.863416325717524,109575,6.560716152191162,0.2353850752115249,0.7630342936515808,1.9211950717831496,819200.0,-0.0027936268597841,-0.0022173072211444,-0.0022173069883137,0.0041563436388969,0.0041563431732356,2.9829320907592773,2.36755919456482,0.7937020063400269,0.615372896194458,0.0,0.4561734497547149,0.0562221631407737,0.0590157881379127,0.0,2.36755919456482,0.7937020063400269,0.4561734497547149,0.0,0.0,0.113176461403782,1.0,0.005644828081130926,-0.0014957683160901,0.3400134402672612
Qwen3-8B,45,conflict,norm_matched,3,2457600,0.4945722818374634,-0.0141947465017437,-0.0082263946533203,-1.8910354375839236,-1.8768407106399536,2303,1.9167133201966404,6.79857696341941,109575,7.732402324676514,0.2774227857589721,0.7627155628055334,1.9187817076915237,819200.0,-0.0035219325218349,-0.0026420110370963,-0.002642011269927,0.0049858554266393,0.0049858558923006,2.3530473709106445,1.7651607990264893,0.750159502029419,0.5878865122795105,0.0,0.4746463596820831,0.0574262961745262,0.0609482303261756,0.0,1.7651607990264893,0.750159502029419,0.4746463596820831,0.0,0.0,0.1145299685958889,1.0000001192092896,0.003907948732376099,-0.00026458688080309954,0.34950544450861276
Qwen3-8B,45,conflict,norm_matched,4,3276800,0.4915327727794647,-0.0147821949794888,-0.0088045001029968,-1.8871923685073853,-1.8724101781845093,2303,1.910069851623995,6.75356052922623,109575,8.666479110717773,0.3109355568885803,0.7610438549518586,1.9051396083272996,819200.0,-0.0015100566670298,-0.0010932082077488,-0.0010932080913335,0.00191710004583,0.0019170998129993,2.1028361320495605,1.5223519802093506,0.7239518165588379,0.5804840922355652,0.0,0.4890117347240448,0.0641242265701294,0.0656342804431915,0.0,1.52235209941864,0.7239518165588379,0.4890117347240448,1.1920928955078125e-07,7.830599083898214e-08,0.1157196097010455,1.0000001192092896,0.0008684396743774414,-0.0008520353585481991,0.3561489130812583
Qwen3-8B,45,conflict,norm_matched,5,4096000,0.4919669926166534,-0.0164331495761871,-0.0137512683868408,-1.8885148763656616,-1.8720818758010864,2303,1.9050186422505988,6.719532893683435,109575,9.458581924438477,0.3393545746803283,0.76088551774621,1.895627288914548,819200.0,0.0006097701843827,0.0004342292086221,0.0004342291795182,-0.0007163934642449,-0.0007163935224525,1.910643577575684,1.36060631275177,0.7121194005012512,0.5500373244285583,0.0,0.4954859614372253,0.0677042603492736,0.0670944824814796,0.0,1.3606061935424805,0.7121193408966064,0.4954859614372253,1.1920928955078125e-07,8.761483676654992e-08,0.1168132851962582,1.0,0.0013026595115661066,-0.002502989955246499,0.3612001224546544
Qwen3-8B,45,conflict,norm_matched,6,4915200,0.4924012124538421,-0.0183684099465608,-0.0120830535888671,-1.88911235332489,-1.870744109153748,2303,1.9020674761685772,6.6997316688435005,109575,10.164368629455566,0.3646767735481262,0.7624410218000413,1.8889420342574883,819200.0,0.000347265653545,0.0002433962217764,0.000243396134465,-0.0003683137183543,-0.000368313601939,1.792301058769226,1.2562121152877808,0.7008934617042542,0.5360890626907349,0.0,0.5016553997993469,0.0730637162923812,0.0727164596319198,0.0,1.2562119960784912,0.7008934020996094,0.5016553997993469,1.1920928955078125e-07,9.489583758387607e-08,0.1178527088886767,0.9999998807907104,0.0017368793487548273,-0.0044382503256202,0.364151288536676
Qwen3-8B,46,benign,norm_matched,0,0,0.4893617033958435,-0.0149322785437107,-0.0164408683776855,-2.3061788082122803,-2.2912466526031494,2303,2.7048524780710865,14.95211076359758,577662,0.0,0.0,,,,,,,,,,,,,,,,,,,,,,,,,0.0,0.0,0.0
Qwen3-8B,46,benign,norm_matched,1,819200,0.4950065016746521,-0.0148743875324726,-0.0119686126708984,-2.210546493530273,-2.195672035217285,2303,2.567038729503585,13.027190231910293,577662,2.118240594863892,0.0760135427117347,0.7711887056380511,2.581510090411466,819200.0,-0.0164694059640169,-0.0126240691170096,-0.0126240691170096,0.0521391257643699,0.0521391257643699,2.7634642124176025,2.118240594863892,0.766516387462616,0.6452234387397766,0.0,0.4604799449443817,0.0400193184614181,0.0564887225627899,0.0,2.1182408332824707,0.7665164470672607,0.4604799449443817,2.384185791015625e-07,1.1255499155499901e-07,0.1093830244790297,1.0,0.005644798278808594,5.789101123809988e-05,0.13781374856750173
Qwen3-8B,46,benign,norm_matched,2,1638400,0.4963091611862182,-0.0176933258771896,-0.0071170330047607,-2.1846795082092285,-2.1669862270355225,2303,2.5284847211961754,12.53449847949258,577662,3.4109575748443604,0.1224029809236526,0.7634638307988644,2.5225457352306693,819200.0,0.0006644994136877,0.000495295971632,0.0004952960298396,-0.0036430223844945,-0.0036430219188332,2.008418321609497,1.49700927734375,0.7453672885894775,0.5114091634750366,0.0,0.4797780811786651,0.0228731874376535,0.0222086887806653,0.0,1.4970091581344604,0.7453672289848328,0.4797780811786651,1.1920928955078125e-07,7.963163678927472e-08,0.1099779829346516,1.0000001192092896,0.0069474577903747,-0.0027610473334789016,0.17636775687491113
Qwen3-8B,46,benign,norm_matched,3,2457600,0.4954407215118408,-0.01994507946074,-0.0100238323211669,-2.172147274017334,-2.1522023677825928,2303,2.512327808719675,12.333606948205606,577662,4.315493106842041,0.1548624485731125,0.7650504641234874,2.500316648543812,819200.0,0.0013138859067112,0.000953045557253,0.000953045557253,-0.0079956613481044,-0.0079956613481044,1.6276631355285645,1.1806482076644895,0.7253639698028564,0.4470149278640747,0.0,0.4897623658180237,0.0189515352249145,0.0176376514136791,0.0,1.1806482076644895,0.7253639698028564,0.4897623658180237,0.0,0.0,0.1105340601861826,0.9999998211860656,0.0060790181159973145,-0.005012800917029299,0.19252466935141133
Qwen3-8B,46,benign,norm_matched,4,3276800,0.4932696223258972,-0.0215867608785629,-0.0141799449920654,-2.164430618286133,-2.142843723297119,2303,2.503455131958654,12.224658885666251,577662,4.954492568969727,0.1777930855751037,0.7663603661209345,2.5143127739679767,819200.0,0.0006832680664956,0.0004877849423792,0.0004877849423792,-0.0044380477629601,-0.0044380477629601,1.3428120613098145,0.958633303642273,0.7138998508453369,0.3841787278652191,0.0,0.4931609630584717,0.0178702510893344,0.0171869844198226,0.0,0.958633303642273,0.7138998508453369,0.4931609630584717,0.0,0.0,0.1109954614075832,1.0,0.003907918930053711,-0.0066544823348521995,0.20139734611243254
Qwen3-8B,46,benign,norm_matched,5,4096000,0.4928354322910309,-0.0232678074389696,-0.0152069330215454,-2.159196138381958,-2.1359283924102783,2303,2.497688757114888,12.15436977164938,577662,5.456921100616455,0.1958228498697281,0.76708366304636,2.487325894163223,819200.0,0.0013863525819033,0.0009986048098653,0.0009986048098653,-0.0089518940076231,-0.0089518930763006,1.1784731149673462,0.8488670587539673,0.7203109264373779,0.3296060562133789,0.0,0.4925920069217682,0.0192805491387844,0.017894197255373,0.0,0.8488670587539673,0.7203109264373779,0.4925920069217682,0.0,0.0,0.1113977283130225,1.0,0.003473728895187378,-0.008335528895258902,0.20716372095619873
Qwen3-8B,46,benign,norm_matched,6,4915200,0.4919669926166534,-0.0247680451720953,-0.01845383644104,-2.156439304351806,-2.13167142868042,2303,2.4938430403911584,12.107717272198226,577662,5.84528112411499,0.20975923538208,0.7682620391994714,2.493273078492493,819200.0,0.0002986528270412,0.0002122107252944,0.0002122107398463,-0.0020047321449965,-0.0020047323778271,1.063040256500244,0.7553538084030151,0.7105599045753479,0.3076864182949066,0.0,0.4961966872215271,0.0179618373513221,0.0176631845533847,0.0,0.7553538680076599,0.7105599641799927,0.4961966872215271,5.960464477539064e-08,7.89095645099499e-08,0.111731118238822,1.0000001192092896,0.002605289220809881,-0.009835766628384599,0.21100943767992808
Qwen3-8B,46,conflict,norm_matched,0,0,0.4893617033958435,-0.0149322785437107,-0.0164408683776855,-2.3061788082122803,-2.2912466526031494,2303,2.2643062624103427,9.624445445002523,109575,0.0,0.0,,,,,,,,,,,,,,,,,,,,,,,,,0.0,0.0,0.0
Qwen3-8B,46,conflict,norm_matched,1,819200,0.4937038421630859,-0.01470279507339,-0.0098688602447509,-1.921626091003418,-1.9069232940673828,2303,1.9480321023476717,7.0148694435995385,109575,4.646932601928711,0.1667562276124954,0.7711887056380511,1.9622251344223327,819200.0,-0.042536161839962,-0.0377340912818908,-0.0377340912818908,0.0710406899452209,0.0710406899452209,5.23830509185791,4.646932601928711,0.8871061205863953,0.5913726091384888,0.0,0.3448644876480102,0.0479520969092845,0.0904882550239563,0.0,4.646932601928711,0.8871061205863953,0.3448644876480102,0.0,0.0,0.1113193844757916,1.0000001192092896,0.004342138767242376,0.00022948347032069986,0.31627416006267106
Qwen3-8B,46,conflict,norm_matched,2,1638400,0.4950065016746521,-0.0145137449726462,-0.0079827308654785,-1.9005815982818604,-1.8860679864883425,2303,1.9262355576588523,6.863623832035932,109575,6.528148651123047,0.2342640906572342,0.7636427727341651,1.9276403965477948,819200.0,-0.0035145804286003,-0.0028028725646436,-0.0028028725646436,0.0050984793342649,0.0050984793342649,3.0437636375427246,2.427396774291992,0.7974984645843506,0.6163667440414429,0.0,0.4528360068798065,0.0566472113132476,0.0601617917418479,0.0,2.427396774291992,0.7974984645843506,0.4528360068798065,0.0,0.0,0.1131257578090298,0.9999999403953552,0.005644798278808594,0.00041853357106449995,0.33807070475149037
Qwen3-8B,46,conflict,norm_matched,3,2457600,0.4945722818374634,-0.014249381609261,-0.0108792781829833,-1.892078757286072,-1.8778293132781985,2303,1.9168317966343689,6.7993824823162194,109575,7.7068915367126465,0.2765635550022125,0.7623389706015586,1.9063573106848344,819200.0,-0.0019968978594988,-0.001486764056608,-0.0014867642894387,0.0027772372122853,0.0027772379107773,2.3827476501464844,1.774043321609497,0.744536817073822,0.608704149723053,0.0,0.4788157939910888,0.058592677116394,0.0605895742774009,0.0,1.7740435600280762,0.7445368766784668,0.4788157939910888,2.384185791015625e-07,1.343927423618557e-07,0.1144769169222854,1.0,0.005210578441619873,0.0006828969344497005,0.34747446577597385
Qwen3-8B,46,conflict,norm_matched,4,3276800,0.4932696223258972,-0.0146191455423831,-0.0075342655181884,-1.8864513635635376,-1.8718323707580569,2303,1.910156071197489,6.754142843437709,109575,8.656582832336426,0.3106434345245361,0.7619813507050276,1.900460299281549,819200.0,-0.001418043510057,-0.0010266386670991,-0.0010266385506838,0.0017979416297748,0.0017979412805289,2.107942819595337,1.5261138677597046,0.723982572555542,0.5818291306495667,0.0,0.4868181943893432,0.0637092888355255,0.0651273280382156,0.0,1.526113748550415,0.7239825129508972,0.4868181943893432,1.1920928955078125e-07,7.81129779244913e-08,0.1156849774015427,1.0000001192092896,0.003907918930053711,0.00031313300132759965,0.35415019121285374
Qwen3-8B,46,conflict,norm_matched,5,4096000,0.4932696223258972,-0.0162153709679842,-0.0119403600692749,-1.887893319129944,-1.8716777563095093,2303,1.9050934396300336,6.720035515932088,109575,9.448362350463867,0.3390566110610962,0.7620477758347988,1.894759517965722,819200.0,-0.0004839313914999,-0.0003451801021583,-0.0003451801021583,0.0005625114426948,0.0005625113262794,1.911131262779236,1.363178014755249,0.7132833003997803,0.5479533076286316,0.0,0.4949221014976501,0.0682303011417388,0.0687142238020896,0.0,1.363178014755249,0.7132833003997803,0.4949221014976501,0.0,0.0,0.116777639123029,1.0,0.003907918930053711,-0.0012830924242734996,0.3592128227803091
Qwen3-8B,46,conflict,norm_matched,6,4915200,0.4954407215118408,-0.0174516309052705,-0.0065075159072875,-1.888037919998169,-1.8705861568450928,2303,1.9019944885379236,6.699242689147925,109575,10.178009033203123,0.3652401566505432,0.7627238214761018,1.8940426107950044,819200.0,0.0003220760263502,0.0002282394561916,0.0002282394270878,-0.0003273605834692,-0.0003273605834692,1.823743462562561,1.2923972606658936,0.7086508274078369,0.5313461422920227,0.0,0.4978412985801697,0.0747776478528976,0.0744555741548538,0.0,1.2923972606658936,0.7086508274078369,0.4978412985801697,0.0,0.0,0.1178504875315411,0.9999998807907104,0.0060790181159973145,-0.0025193523615598,0.3623117738724191
Qwen3-8B,47,benign,norm_matched,0,0,0.4902301132678985,-0.0127140562981367,-0.0175086259841918,-2.311107397079468,-2.298393487930298,2303,2.7104923647906345,15.036677222988375,577662,0.0,0.0,,,,,,,,,,,,,,,,,,,,,,,,,0.0,0.0,0.0
Qwen3-8B,47,benign,norm_matched,1,819200,0.4963091611862182,-0.0125878509134054,-0.0069251060485839,-2.2158279418945312,-2.203239917755127,2303,2.569339193485983,13.057193311100471,577662,2.1601786613464355,0.077539637684822,0.7710882298648357,2.5716450963084934,819200.0,-0.0180360227823257,-0.0138251669704914,-0.0138251669704914,0.0557997338473796,0.0557997375726699,2.8181240558624268,2.1601786613464355,0.7665306925773621,0.657945454120636,0.0,0.4596011936664581,0.0398556441068649,0.0578916631639003,0.0,2.1601786613464355,0.7665306925773621,0.4596011936664581,0.0,0.0,0.1093574490550963,1.0,0.006079047918319702,0.0001262053847313014,0.14115317130465144
Qwen3-8B,47,benign,norm_matched,2,1638400,0.4937038421630859,-0.0150600634515285,-0.0110700130462646,-2.188451051712036,-2.173390865325928,2303,2.5294553752480904,12.54667104795115,577662,3.464625358581543,0.1243627667427063,0.7623787557333708,2.521957647469244,819200.0,0.0002003201661864,0.0001495863543823,0.0001495863834861,-0.0011195481056347,-0.0011195483384653,2.026790142059326,1.5134779214859009,0.7467363476753235,0.5133122801780701,0.0,0.4787367582321167,0.022414393723011,0.0222140736877918,0.0,1.5134779214859009,0.7467363476753235,0.4787367582321167,0.0,0.0,0.1099597200991411,1.0000001192092896,0.003473728895187378,-0.0023460071533918,0.1810369895425441
Qwen3-8B,47,benign,norm_matched,3,2457600,0.4915327727794647,-0.0175319593399763,-0.0117475986480712,-2.1756484508514404,-2.158116340637207,2303,2.51270589699026,12.338271021986955,577662,4.36661958694458,0.1567398607730865,0.7634993191063404,2.509835912846611,819200.0,0.0012176444288343,0.0008891949546523,0.00088919501286,-0.0076336064375936,-0.0076336069032549,1.6182382106781006,1.1817318201065063,0.7302582859992981,0.4365063309669494,0.0,0.4893720149993896,0.0184045173227787,0.0171868726611137,0.0,1.1817318201065063,0.7302582859992981,0.4893720149993896,0.0,0.0,0.1105141126972739,1.0000001192092896,0.0013026595115662176,-0.0048179030418396,0.19778646780037468
Qwen3-8B,47,benign,norm_matched,4,3276800,0.4950065016746521,-0.0191423743963241,-0.0076465606689453,-2.167109966278076,-2.14796781539917,2303,2.503744214826317,12.228193335963022,577662,5.005667209625244,0.1796784847974777,0.7646102218329907,2.50270710527082,819200.0,0.000997956842184,0.0007106493576429,0.0007106493576429,-0.0066810776479542,-0.0066810781136155,1.3396060466766355,0.9539391994476318,0.7121042609214783,0.3856668770313263,0.0,0.4929744005203247,0.0174448937177658,0.0164469368755817,0.0,0.9539391994476318,0.7121042609214783,0.4929744005203247,0.0,0.0,0.1109788981339079,1.0000001192092896,0.0047763884067535956,-0.006428318098187398,0.20674814996431756
Qwen3-8B,47,benign,norm_matched,5,4096000,0.4950065016746521,-0.0209806319326162,-0.0133974552154541,-2.1623198986053467,-2.1413393020629883,2303,2.498130604217951,12.1597413313392,577662,5.484110832214356,0.196852222084999,0.7656236906349659,2.4909952362827608,819200.0,0.0012044908944517,0.0008470391039736,0.0008470390457659,-0.0082116946578025,-0.0082116946578025,1.1906466484069824,0.8373033404350281,0.7032341361045837,0.3533433675765991,0.0,0.4994844198226928,0.0176185127347707,0.0164140202105045,0.0,0.8373032808303833,0.703234076499939,0.4994844198226928,5.960464477539064e-08,7.11864459867858e-08,0.1113617840710503,1.0000001192092896,0.0047763884067535956,-0.008266575634479498,0.21236176057268352
Qwen3-8B,47,benign,norm_matched,6,4915200,0.4954407215118408,-0.0214677564799785,-0.0112090110778808,-2.155745029449463,-2.13427734375,2303,2.493899862925357,12.10840528292406,577662,5.895581245422363,0.211621955037117,0.7667362415790557,2.5014548407928667,819200.0,-1.8307404388906438e-05,-1.2957172657479532e-05,-1.2957174476468936e-05,0.0001253241935046,0.0001253244117833,1.090961217880249,0.772132933139801,0.7077547311782837,0.3188283443450928,0.0,0.4955513775348663,0.0172754861414432,0.017293794080615,0.0,0.7721328735351562,0.7077546715736389,0.4955513775348663,5.960464477539064e-08,7.719480262832865e-08,0.1117193703903467,0.9999999403953552,0.005210608243942316,-0.008753700181841798,0.21659250186527768
Qwen3-8B,47,conflict,norm_matched,0,0,0.4902301132678985,-0.0127140562981367,-0.0175086259841918,-2.311107397079468,-2.298393487930298,2303,2.2665804799571854,9.64635843572156,109575,0.0,0.0,,,,,,,,,,,,,,,,,,,,,,,,,0.0,0.0,0.0
Qwen3-8B,47,conflict,norm_matched,1,819200,0.4937038421630859,-0.013826759532094,-0.0088083744049072,-1.9196627140045168,-1.9058358669281008,2303,1.946757119013625,7.005931301170563,109575,4.7732110023498535,0.1713344603776931,0.7710882298648357,1.966188268717815,819200.0,-0.0461039952933788,-0.0410069189965724,-0.0410069189965724,0.0749027878046035,0.0749027803540229,5.36651086807251,4.7732110023498535,0.8894439935684204,0.5933000445365906,0.0,0.3458269834518432,0.0471621043980121,0.0932660996913909,0.0,4.7732110023498535,0.8894439935684204,0.3458269834518432,0.0,0.0,0.1113551721791736,1.0000001192092896,0.003473728895187378,-0.0011127032339572993,0.31982336094356034
Qwen3-8B,47,conflict,norm_matched,2,1638400,0.4941380620002746,-0.0151227163150906,-0.0110073089599609,-1.900529623031616,-1.885406732559204,2303,1.9264973991754364,6.8654212490183,109575,6.583840847015381,0.236327052116394,0.7626959793269634,1.92458775856212,819200.0,-0.0027718991041183,-0.0021863593719899,-0.0021863591391593,0.0039502093568444,0.0039502093568444,2.993256092071533,2.3609564304351807,0.7887585759162903,0.6322996616363525,0.0,0.4573409557342529,0.0571768693625927,0.0599487647414207,0.0,2.3609564304351807,0.7887585759162903,0.4573409557342529,0.0,0.0,0.113100473099621,0.9999999403953552,0.003907948732376099,-0.0024086600169539,0.340083080781749
Qwen3-8B,47,conflict,norm_matched,3,2457600,0.4919669926166534,-0.0149478334933519,-0.0113815069198608,-1.8913981914520264,-1.8764504194259644,2303,1.9168964462750255,6.799822074159966,109575,7.74468469619751,0.2779955565929413,0.7622245018184185,1.9069587065301312,819200.0,-0.0024885570164769,-0.0018499479629099,-0.0018499479629099,0.0034257341176271,0.0034257341176271,2.352619409561157,1.7488943338394165,0.7433817386627197,0.6037249565124512,0.0,0.4807486534118652,0.0596560463309288,0.0621445998549461,0.0,1.748894453048706,0.7433817982673645,0.4807486534118652,1.1920928955078125e-07,6.816265518080485e-08,0.1144363957901077,0.9999998807907104,0.0017368793487548828,-0.002233777195215199,0.34968403368215983
Qwen3-8B,47,conflict,norm_matched,4,3276800,0.4941380620002746,-0.015317365527153,-0.007474660873413,-1.886963963508606,-1.8716466426849363,2303,1.9101629576007444,6.754189355349123,109575,8.700966835021973,0.3123213052749634,0.7614199183136224,1.9040890598777327,819200.0,-0.0012312640901654,-0.0008856810745783,-0.0008856810745783,0.0015201927162706,0.00152019248344,2.1153078079223637,1.5215975046157837,0.7193267345428467,0.59371018409729,0.0,0.4921778738498688,0.0646975040435791,0.0659287646412849,0.0,1.5215976238250732,0.7193267941474915,0.4921778738498688,1.1920928955078125e-07,7.834481842256469e-08,0.1156584329291945,1.0,0.003907948732376099,-0.002603309229016299,0.356417522356441
Qwen3-8B,47,conflict,norm_matched,5,4096000,0.4937038421630859,-0.0158701445907354,-0.0113360881805419,-1.8859533071517944,-1.870083212852478,2303,1.9054749133949709,6.72259952220033,109575,9.489912986755373,0.3406405448913574,0.7615727450698614,1.8949348744978487,819200.0,-2.0458828657865524e-06,-1.4566758181899786e-06,-1.456646714359522e-06,2.3163199784903554e-06,2.316227892151801e-06,1.8995524644851685,1.3525148630142212,0.7120176553726196,0.5470377206802368,0.0,0.4969927370548248,0.0689852088689804,0.0689872577786445,0.0,1.3525147438049316,0.7120175957679749,0.4969927370548248,1.1920928955078125e-07,8.813899448919752e-08,0.1167426788379089,1.0,0.003473728895187378,-0.0031560882925987,0.3611055665622145
Qwen3-8B,47,conflict,norm_matched,6,4915200,0.4945722818374634,-0.0174091886729002,-0.0104565620422363,-1.8887312412261963,-1.8713217973709104,2303,1.9021478336933888,6.700270064329087,109575,10.194761276245115,0.3659410774707794,0.7620121942460537,1.8898380890057889,819200.0,0.0014824329409748,0.0010409995447844,0.0010409995447844,-0.0015059284633025,-0.0015059285797178,1.794956088066101,1.260460615158081,0.7022236585617065,0.53449547290802,0.0,0.5022045373916626,0.0756798684597015,0.0741974264383316,0.0,1.260460615158081,0.7022236585617065,0.5022045373916626,0.0,0.0,0.1177793817405472,1.0000001192092896,0.004342168569564875,-0.004695132374763499,0.36443264626379657
Qwen3-8B,48,benign,norm_matched,0,0,0.4954407215118408,-0.0115164397284388,-0.0118265151977539,-2.311451196670532,-2.299934864044189,2303,2.7094406136963527,15.02087069498837,577662,0.0,0.0,,,,,,,,,,,,,,,,,,,,,,,,,0.0,0.0,0.0
Qwen3-8B,48,benign,norm_matched,1,819200,0.4950065016746521,-0.0124124027788639,-0.0121171474456787,-2.2112081050872803,-2.198795795440674,2303,2.568083324528985,13.040805479993637,577662,2.1408462524414062,0.0768337622284889,0.7715546136349439,2.592726597423607,819200.0,-0.0179889313876628,-0.0137889795005321,-0.0137889795005321,0.0553055927157402,0.0553055927157402,2.792921543121338,2.1408462524414062,0.7665257453918457,0.6520752310752869,0.0,0.4600624144077301,0.0406847633421421,0.0586736947298049,0.0,2.1408462524414062,0.7665257453918457,0.4600624144077301,0.0,0.0,0.1093714480775815,1.0,-0.0004342198371887207,-0.0008959630504250995,0.14135728916736756
Qwen3-8B,48,benign,norm_matched,2,1638400,0.4958749413490295,-0.0152849499136209,-0.0089238882064819,-2.1845669746398926,-2.1692821979522705,2303,2.5288576702157792,12.539174080237894,577662,3.4174203872680664,0.1226492896676063,0.762880070656538,2.522644209965947,819200.0,1.2065698683727533e-05,9.065162885235624e-06,9.065144695341589e-06,-6.865286559332162e-05,-6.865284376544878e-05,1.976025104522705,1.4846186637878418,0.751315712928772,0.4914063811302185,0.0,0.4769006371498108,0.0222398024052381,0.0222277380526065,0.0,1.4846186637878418,0.751315712928772,0.4769006371498108,0.0,0.0,0.1099577372769999,0.9999999403953552,0.0004342198371886652,-0.0037685101851820998,0.18058294348057347
Qwen3-8B,48,benign,norm_matched,3,2457600,0.4937038421630859,-0.0184028651565313,-0.0105854272842407,-2.169605493545532,-2.15120267868042,2303,2.512358676345878,12.333987663250468,577662,4.320325374603272,0.1550540477037429,0.7639594228565693,2.4961625237570844,819200.0,0.0015463079325854,0.0011226936476305,0.0011226936476305,-0.0095048295333981,-0.0095048295333981,1.6348804235458374,1.1870014667510986,0.7260478734970093,0.4478788673877716,0.0,0.4883632361888885,0.0189560819417238,0.0174097754061222,0.0,1.1870015859603882,0.726047933101654,0.4883632361888885,1.1920928955078125e-07,1.0042892188246785e-07,0.1105106464856362,1.0,-0.0017368793487549383,-0.006886425428092499,0.19708193735047486
Qwen3-8B,48,benign,norm_matched,4,3276800,0.4945722818374634,-0.020638920366764,-0.0108904838562011,-2.164047956466675,-2.143409252166748,2303,2.503947948935753,12.230684889840976,577662,4.916059970855713,0.1764346212148666,0.7655085089057684,2.48300504140876,819200.0,0.0013020796468481,0.0009311274043284,0.0009311273461207,-0.0089263198897242,-0.0089263208210468,1.282239317893982,0.9169393181800842,0.715107798576355,0.3652999997138977,0.0,0.4938258826732635,0.018018502742052,0.0167164243757724,0.0,0.9169393181800842,0.715107798576355,0.4938258826732635,0.0,0.0,0.1109427600822527,1.0000001192092896,-0.0008684396743774414,-0.009122480638325199,0.2054926647605999
Qwen3-8B,48,benign,norm_matched,5,4096000,0.4928354322910309,-0.0219045951962471,-0.0090584754943847,-2.1582047939300537,-2.1363000869750977,2303,2.498311155910052,12.161936991421191,577662,5.389802932739258,0.1934369951486587,0.7666362583637237,2.4894361664916507,819200.0,0.0007305473554879,0.0005203863838687,0.0005203863838687,-0.0049747102893888,-0.0049747107550501,1.157034158706665,0.8241831064224243,0.7123239040374756,0.3328509926795959,0.0,0.495724618434906,0.0181132201105356,0.0173826720565557,0.0,0.8241831660270691,0.7123239636421204,0.495724618434906,5.960464477539064e-08,7.231965809579881e-08,0.1113187285045569,1.0,-0.0026052892208099365,-0.0103881554678083,0.21112945778630055
Qwen3-8B,48,benign,norm_matched,6,4915200,0.4937038421630859,-0.023027105256915,-0.0124750137329101,-2.152437448501587,-2.1294102668762207,2303,2.493862209459208,12.107949368079062,577662,5.8126540184021,0.2086128741502761,0.767380377203226,2.498887120772852,819200.0,0.0006343433633446,0.0004499417264014,0.0004499417264014,-0.0042016790248453,-0.004201678559184,1.1132460832595823,0.7896289229393005,0.7093031406402588,0.3236172497272491,0.0,0.4974148869514465,0.0182078517973423,0.0175735093653202,0.0,0.7896288633346558,0.709303081035614,0.4974148869514465,5.960464477539064e-08,7.54843794889617e-08,0.1116794754125294,1.0000001192092896,-0.0017368793487549383,-0.011510665528476198,0.21557840423714492
Qwen3-8B,48,conflict,norm_matched,0,0,0.4954407215118408,-0.0115164397284388,-0.0118265151977539,-2.311451196670532,-2.299934864044189,2303,2.268051404106598,9.660557937933715,109575,0.0,0.0,,,,,,,,,,,,,,,,,,,,,,,,,0.0,0.0,0.0
Qwen3-8B,48,conflict,norm_matched,1,819200,0.4937038421630859,-0.0138662550598382,-0.009283423423767,-1.9223178625106807,-1.908451795578003,2303,1.9486157371386963,7.018964760429763,109575,4.616559982299805,0.1656857430934906,0.7715546136349439,1.9616593563789504,819200.0,-0.0440630689263343,-0.038881279528141,-0.038881279528141,0.0723176896572113,0.0723176747560501,5.231818199157715,4.616559982299805,0.8824006915092468,0.6152581572532654,0.0,0.348569244146347,0.0481892898678779,0.0922523587942123,0.0,4.616559982299805,0.8824006915092468,0.348569244146347,0.0,0.0,0.1112585356895579,0.9999999403953552,-0.0017368793487549383,-0.002349815331399399,0.3194356669679015
Qwen3-8B,48,conflict,norm_matched,2,1638400,0.4945722818374634,-0.0148100573569536,-0.0073351860046386,-1.900396466255188,-1.885586500167847,2303,1.926977575268616,6.868718651775316,109575,6.472324848175049,0.2322880923748016,0.763241356164217,1.926312462616188,819200.0,-0.0035744421184062,-0.0028462018817663,-0.0028462018817663,0.0052546737715601,0.005254675168544,3.02005934715271,2.404766082763672,0.7962645292282104,0.6152929663658142,0.0,0.4535264372825622,0.0553299635648727,0.0589044094085693,0.0,2.404766321182251,0.7962645888328552,0.4535264372825622,2.384185791015625e-07,9.914417754501369e-08,0.1130192966593313,1.0000001192092896,-0.0008684396743774414,-0.0032936176285147997,0.34107382883798176
Qwen3-8B,48,conflict,norm_matched,3,2457600,0.4932696223258972,-0.0150080071762204,-0.0087225437164306,-1.891860842704773,-1.8768527507781985,2303,1.9166964988351656,6.798462603060647,109575,7.722213268280029,0.2771458923816681,0.7622569667547942,1.9128855046436368,819200.0,-0.0024161348119378,-0.001808985020034,-0.001808985020034,0.0033115197438746,0.0033115199767053,2.4490623474121094,1.8336381912231443,0.7487102746963501,0.6154242157936096,0.0,0.4759577810764313,0.0585693456232547,0.0609854832291603,0.0,1.833638072013855,0.7487102746963501,0.4759577810764313,1.1920928955078125e-07,6.501244240628993e-08,0.1144468615129881,1.0000001192092896,-0.0021710991859436035,-0.0034915674477815992,0.3513549052714322
Qwen3-8B,48,conflict,norm_matched,4,3276800,0.4915327727794647,-0.0152204101905226,-0.0098540782928466,-1.8874319791793823,-1.872211456298828,2303,1.9100124315091689,6.753172750138425,109575,8.659736633300781,0.3107930719852447,0.7613701575994491,1.9018340615606573,819200.0,-0.0013288899790495,-0.0009658656781539,-0.0009658656781539,0.0016360065201297,0.0016360065201297,2.130302906036377,1.5483497381210327,0.7268214225769043,0.581953227519989,0.0,0.4858621656894684,0.0642208307981491,0.0655497312545776,0.0,1.5483496189117432,0.7268213629722595,0.4858621656894684,1.1920928955078125e-07,7.699119636466048e-08,0.1156358093758171,0.9999999403953552,-0.003907948732376099,-0.003703970462083799,0.3580389725974289
Qwen3-8B,48,conflict,norm_matched,5,4096000,0.491098552942276,-0.0170893650501966,-0.0102109909057617,-1.889191508293152,-1.8721022605896,2303,1.9055250755760893,6.722936750913145,109575,9.465800285339355,0.3397222459316253,0.7615089185535908,1.894719671300554,819200.0,0.0014032803010195,0.0010073342127725,0.0010073342127725,-0.0015542746987193,-0.001554274582304,1.9257235527038572,1.3823662996292114,0.7178425192832947,0.5433573126792908,0.0,0.4932591617107391,0.0715286880731582,0.07012540102005,0.0,1.3823662996292114,0.7178425192832947,0.4932591617107391,0.0,0.0,0.1167518400725384,1.0,-0.004342168569564819,-0.005572925321757799,0.3625263285305085
Qwen3-8B,48,conflict,norm_matched,6,4915200,0.4954407215118408,-0.0157538671046495,-0.01546311378479,-1.8855708837509155,-1.8698166608810425,2303,1.9020968159338996,6.699928240282049,109575,10.178874969482422,0.3653140962123871,0.7635513330996037,1.8932274818609585,819200.0,-0.0019149052677676,-0.0013750116340816,-0.0013750116340816,0.0019258352695032,0.0019258355023339,1.7890509366989136,1.2846407890319824,0.7180571556091309,0.5044100880622864,0.0,0.4934776127338409,0.0743088126182556,0.0762237310409545,0.0,1.2846407890319824,0.7180571556091309,0.4934776127338409,0.0,0.0,0.1177980769207351,1.0,0.0,-0.004237427376210698,0.3659545881726982
