model,seed,regime,condition,phase,cumulative_target_tokens,alignment_accuracy,alignment_margin_mean,alignment_margin_median,chosen_mean_logp,rejected_mean_logp,alignment_pairs,shift_nll,shift_perplexity,shift_eval_tokens,l2_drift,relative_l2_drift,control_alignment_loss_pre,phase_train_loss,phase_target_tokens_actual,raw_first_order_alignment_change,constructed_first_order_alignment_change,post_first_order_alignment_change,raw_update_alignment_descent_cosine,post_update_alignment_descent_cosine,raw_update_norm,post_update_norm,retained_update_norm_ratio,intervention_norm,coordinate_killed_fraction,positive_coordinate_risk_fraction,positive_coordinate_risk_sum,global_projection_activated,bf16_quantization_bound,constraint_tolerance,alignment_accuracy_change,alignment_margin_mean_change,shift_nll_improvement,phase_alignment_accuracy_change,phase_alignment_margin_change,negative_coordinate_risk_abs_sum,counterfactual_cm_update_norm,counterfactual_cm_retained_norm_ratio,counterfactual_cm_killed_fraction,norm_match_abs_error_after_bf16,norm_match_relative_error_after_bf16,norm_match_rounding_bound,norm_match_direction_cosine_raw_vs_post
Qwen3-8B,42,benign,coordinate_mortality,6,4915200,0.5488492846488953,0.0945229828357696,0.0782890319824218,-2.486201524734497,-2.580724239349365,2303,2.5115581010716475,12.32411732919448,577662,6.127286911010742,0.219881534576416,0.6828559996932745,2.4855054914054926,819200.0,0.0152343967929482,-0.0152033194899559,-0.0152033194899559,-0.0914778411388397,0.1290113627910614,1.2199349403381348,0.8632523417472839,0.7076216340065002,0.8619958162307739,0.512194812297821,0.512194812297821,0.0304377172142267,0.0,0.0012632099678739,0.0012641636421903,0.0590533912181854,0.1082665743306278,0.1964237497581846,0.0082500576972961,0.0167740136384964,,,,,,,,
Qwen3-8B,42,benign,global_projection,6,4915200,0.4906643331050873,-0.0210605058819055,-0.0186110734939575,-2.1367204189300537,-2.1156599521636963,2303,2.487981009547971,12.036949085407722,577662,6.601690769195557,0.236905813217163,0.7643505921959877,2.4706359201166195,819200.0,0.0007269873749464,2.9103830456733704e-11,3.637978807091713e-11,-0.0054893959313631,-2.7470362096160267e-10,0.9777180552482604,0.9777032732963562,0.999984860420227,0.0053670816123485,0.0,0.4999262690544128,0.0166693106293678,1.0,0.0011307446984574,0.0011316983727738,0.0008684396743774,-0.0073169143870472,0.2200008412818612,-0.0008684396743774,-0.0014631021767855,,,,,,,,
Qwen3-8B,42,benign,unconstrained,6,4915200,0.4902301132678985,-0.0240915101021528,-0.0149877071380615,-2.143256187438965,-2.11916446685791,2303,2.487993218650136,12.037096046645994,577662,6.605071067810059,0.237027108669281,0.7670850555598736,2.4706540194700937,819200.0,0.0004059782950207,0.0004059782950207,0.0004059782950207,-0.0029062670655548,-0.0029062670655548,0.9761887192726136,0.9761887192726136,1.0,0.0,0.0,0.4993346929550171,0.017336681485176,0.0,0.0011729365214705,0.0011738901957869,0.0004342198371887,-0.0103479186072946,0.219988632179696,-0.0017368793487548,-0.0020081009715796,,,,,,,,
Qwen3-8B,42,conflict,coordinate_mortality,6,4915200,0.5358228087425232,0.0706182047724723,0.0570049285888671,-2.166577100753784,-2.2371952533721924,2303,2.2839642343732174,9.815514384697114,109575,9.565267562866213,0.3432556092739105,0.7081577310711146,1.9048016592438213,819200.0,0.0300376862287521,-0.0553256422281265,-0.0553256422281265,-0.039618857204914,0.1079279854893684,2.0856587886810303,1.4101688861846924,0.6761263608932495,1.536683440208435,0.5348404049873352,0.5348404049873352,0.0853633284568786,0.0,0.0024549318477511,0.0024558855220675,0.0460269153118134,0.0843617962673305,-0.0201307107628192,0.0143291354179382,0.0401688385754823,,,,,,,,
Qwen3-8B,42,conflict,global_projection,6,4915200,0.4924012124538421,-0.0178980119526386,-0.0095493793487548,-1.8882904052734373,-1.8703923225402832,2303,1.8989127637587693,6.678629245744741,109575,11.392393112182615,0.408823162317276,0.7634614408016205,1.882816568792623,819200.0,-2.771831350401044e-05,-2.771831350401044e-05,-2.771831350401044e-05,2.7975949706160463e-05,2.7975949706160463e-05,1.6871789693832395,1.6871789693832395,1.0,0.0,0.0,0.4985151588916778,0.0751795098185539,0.0,0.0046449648216366,0.004645918495953,0.0026053190231323,-0.0041544204577803,0.3649207598516286,-0.0017368495464324,0.0001313854008913,,,,,,,,
Qwen3-8B,42,conflict,unconstrained,6,4915200,0.4924012124538421,-0.0178980119526386,-0.0095493793487548,-1.8882904052734373,-1.8703923225402832,2303,1.8989127637587693,6.678629245744741,109575,11.392393112182615,0.408823162317276,0.7634614408016205,1.882816568792623,819200.0,-2.771831350401044e-05,-2.771831350401044e-05,-2.771831350401044e-05,2.7975949706160463e-05,2.7975949706160463e-05,1.6871789693832395,1.6871789693832395,1.0,0.0,0.0,0.4985151588916778,0.0751795098185539,0.0,0.0046449648216366,0.004645918495953,0.0026053190231323,-0.0041544204577803,0.3649207598516286,-0.0017368495464324,0.0001313854008913,,,,,,,,
Qwen3-8B,43,benign,coordinate_mortality,6,4915200,0.5566651821136475,0.096644289791584,0.0863189697265625,-2.54209041595459,-2.638734579086304,2303,2.5122516920172395,12.332668190443597,577662,6.067164897918701,0.2177743166685104,0.6861613557487726,2.505701672040741,819200.0,0.0155791230499744,-0.0147717278450727,-0.0147717278450727,-0.0968165174126625,0.130910113453865,1.2093513011932373,0.8480413556098938,0.7012365460395813,0.8621811270713806,0.5146501660346985,0.5146501660346985,0.0303508527576923,0.0,0.0012697661295533,0.0012707198038697,0.064698189496994,0.1116339033469557,0.197104952404044,0.0169343948364257,0.0236109867691994,,,,,,,,
Qwen3-8B,43,benign,global_projection,6,4915200,0.4915327727794647,-0.023238955065608,-0.0168275833129882,-2.142738342285156,-2.119499444961548,2303,2.488363188932824,12.041550238381586,577662,6.606391429901123,0.237129271030426,0.7660444187372923,2.4906929771217983,819200.0,0.0004368464578874,1.4551915228366852e-11,-7.275957614183426e-12,-0.0031657007057219,5.2727034544064466e-11,0.977677583694458,0.9776726961135864,0.9999949932098388,0.0030950347427278,0.0,0.4981988370418548,0.0174232181161642,1.0,0.0012040614383295,0.0012050151126459,-0.0004342198371886,-0.0082493415102363,0.2209934554884598,-0.0017368495464324,-0.000959649682045,,,,,,,,
Qwen3-8B,43,benign,unconstrained,6,4915200,0.4889274835586548,-0.0263586360961198,-0.0183539390563964,-2.15096378326416,-2.124605178833008,2303,2.4882578241444606,12.040281549827885,577662,6.61433219909668,0.2374143004417419,0.7695197653770447,2.4906103033400724,819200.0,0.0001321307208854,0.0001321307208854,0.0001321307208854,-0.0009024194441735,-0.0009024194441735,0.9763451218605042,0.9763451218605042,1.0,0.0,0.0,0.4975000619888305,0.0182063076645135,0.0,0.001250202069059,0.0012511557433754,-0.0030395090579986,-0.0113690225407481,0.2210988202768229,0.0008684396743774,-0.0014773588627577,,,,,,,,
Qwen3-8B,43,conflict,coordinate_mortality,6,4915200,0.5080329775810242,0.0107580786570906,0.0149134397506713,-1.9075381755828853,-1.918296217918396,2303,1.947634600413708,7.01208157355778,109575,9.33642578125,0.3351209163665771,0.7288984096422791,1.930810625905724,819200.0,-0.4762022197246551,-0.7281002402305603,-0.7281002402305603,0.0926601961255073,0.1872577667236328,2.1976749897003174,1.662710428237915,0.7565770149230957,1.4370696544647217,0.4355356693267822,0.4355356693267822,0.2518979907035827,0.0,0.0158732198178768,0.0158769279178159,0.0160659849643707,0.0257476922124623,0.3036869261609127,-0.0716456770896911,-0.3145884210243821,,,,,,,,
Qwen3-8B,43,conflict,global_projection,6,4915200,0.4945722818374634,-0.0189610384404659,-0.0074412822723388,-1.8888388872146609,-1.869877934455872,2303,1.8986253707506275,6.676710130178946,109575,11.372359275817873,0.4081985354423523,0.7636370741575956,1.8828935650605123,819200.0,0.0005485794972628,8.731149137020111e-11,8.731149137020111e-11,-0.0005786957917734,-9.210478907339947e-11,1.6868460178375244,1.686845779418945,0.9999998807907104,0.0009761708788573,0.0,0.501908004283905,0.0736181959509849,1.0,0.004534819163382,0.0045357728376984,0.0026052892208099,-0.0039714248850941,0.3526961558239931,0.0034737288951873,-0.0009651947766542,,,,,,,,
Qwen3-8B,43,conflict,unconstrained,6,4915200,0.4963091611862182,-0.0195087883621454,-0.0049605369567871,-1.890202164649964,-1.8706934452056885,2303,1.8986827847382644,6.6770934777364666,109575,11.371620178222656,0.4081720113754272,0.7635130624473095,1.88283805359024,819200.0,0.0004629112663678,0.0004629112663678,0.0004629112663678,-0.0004923439119011,-0.0004923439119011,1.6791396141052246,1.6791396141052246,1.0,0.0,0.0,0.5020902156829834,0.0732844322919845,0.0,0.0045229825191199,0.0045239361934363,0.0043421685695648,-0.0045191748067736,0.3526387418363563,0.0060790479183197,-0.0014612507075071,,,,,,,,
Qwen3-8B,44,benign,coordinate_mortality,6,4915200,0.5562309622764587,0.0999994650483131,0.0830373764038086,-2.5688633918762207,-2.668863296508789,2303,2.5116295163737616,12.324997491184975,577662,6.1327009201049805,0.2201253771781921,0.6833208222687245,2.50432788514474,819200.0,0.0153923910111188,-0.0152049306780099,-0.0152049306780099,-0.0938243269920349,0.132284864783287,1.1997872591018677,0.8405971527099609,0.7006218433380127,0.8560875654220581,0.5159041881561279,0.5159041881561279,0.0305973216891288,0.0,0.0012844644952565,0.0012854181695729,0.0660008490085602,0.1141758020967244,0.1986529843982074,0.013026475906372,0.0220181345939635,,,,,,,,
Qwen3-8B,44,benign,global_projection,6,4915200,0.4919669926166534,-0.0229250472038984,-0.0127551555633544,-2.150094509124756,-2.127169370651245,2303,2.4883526534683127,12.041423375724676,577662,6.640535354614258,0.238353431224823,0.7658537788689137,2.489564927419997,819200.0,0.0010466028470546,6.548361852765083e-11,3.637978807091713e-11,-0.0077011305838823,-2.676983079652473e-10,0.9773435592651368,0.9773145318031312,0.999970316886902,0.0075266496278345,0.0,0.50165855884552,0.0174780189990997,1.0,0.0011884175473824,0.0011893712216988,0.0017368793487548,-0.008748710155487,0.2219298473036564,-0.0013026297092438,-0.0007984731346368,,,,,,,,
Qwen3-8B,44,benign,unconstrained,6,4915200,0.4871906042098999,-0.025487245991826,-0.0221638679504394,-2.157978773117065,-2.13249135017395,2303,2.488415976140676,12.042185894974004,577662,6.608989715576172,0.2372211366891861,0.7687190033495426,2.4898037889323312,819200.0,0.0004814449930563,0.0004814449930563,0.0004814449930563,-0.0033777172211557,-0.0033777172211557,0.9694435000419616,0.9694435000419616,1.0,0.0,0.0,0.4993410408496856,0.0179605185985565,0.0,0.0012286261189728,0.0012295797932893,-0.0030395090579986,-0.0113109089434146,0.2218665246312929,-0.0043421685695648,-0.0012485850602388,,,,,,,,
Qwen3-8B,44,conflict,coordinate_mortality,6,4915200,0.5123751759529114,0.0281906891614198,0.0199865102767944,-1.9294527769088743,-1.9576435089111328,2303,1.978735496943981,7.233590302539459,109575,9.490555763244627,0.3406512141227722,0.6688419745117425,1.9209605962970813,819200.0,-0.0081663681194186,-0.0828654989600181,-0.0828654989600181,0.0093924831598997,0.1402493715286255,2.226681470870972,1.5131514072418213,0.6795545220375061,1.6335493326187134,0.5036346912384033,0.5036346912384033,0.0746991336345672,0.0,0.0026595646049827,0.0026605182792991,0.0221450626850128,0.0423670262098311,0.2822775496235454,-0.0603560209274292,-0.1693689804524183,,,,,,,,
Qwen3-8B,44,conflict,global_projection,6,4915200,0.4945722818374634,-0.0188507549464702,-0.007827877998352,-1.889846444129944,-1.8709957599639893,2303,1.8994565361731408,6.682261887670112,109575,11.381810188293455,0.408535361289978,0.7644760720431805,1.8835294462539605,819200.0,-0.0008191142696887,-0.0008191142696887,-0.0008191142696887,0.0008303891518153,0.0008303891518153,1.7051798105239868,1.7051798105239868,1.0,0.0,0.0,0.500421941280365,0.0747558176517486,0.0,0.0045642820186913,0.0045652356930077,0.0043421685695648,-0.0046744178980589,0.3615565103943856,-0.0013026595115661,-0.0010693594813347,,,,,,,,
Qwen3-8B,44,conflict,unconstrained,6,4915200,0.4945722818374634,-0.0188507549464702,-0.007827877998352,-1.889846444129944,-1.8709957599639893,2303,1.8994565361731408,6.682261887670112,109575,11.381810188293455,0.408535361289978,0.7644760720431805,1.8835294462539605,819200.0,-0.0008191142696887,-0.0008191142696887,-0.0008191142696887,0.0008303891518153,0.0008303891518153,1.7051798105239868,1.7051798105239868,1.0,0.0,0.0,0.500421941280365,0.0747558176517486,0.0,0.0045642820186913,0.0045652356930077,0.0043421685695648,-0.0046744178980589,0.3615565103943856,-0.0013026595115661,-0.0010693594813347,,,,,,,,
Qwen3-8B,45,benign,coordinate_mortality,6,4915200,0.5471124649047852,0.0880579426884651,0.0729315280914306,-2.428023099899292,-2.5160810947418213,2303,2.511540538019529,12.32390088198026,577662,6.015342712402344,0.2158181965351104,0.6849046759307384,2.490751426671049,819200.0,0.0151133686304092,-0.0152415251359343,-0.0152415251359343,-0.0939635336399078,0.1359027028083801,1.2081499099731443,0.8424017429351807,0.6972659230232239,0.8660169839859009,0.5173304080963135,0.5173304080963135,0.0303548946976661,0.0,0.0012425552122294,0.0012435088865458,0.0564481317996978,0.1019881023094057,0.196856023315755,0.0043421983718872,0.0129419937729836,,,,,,,,
Qwen3-8B,45,benign,global_projection,6,4915200,0.4937038421630859,-0.0209876988083124,-0.014643907546997,-2.1399874687194824,-2.118999719619751,2303,2.4882196939451617,12.039822460245418,577662,6.557630062103272,0.2352743595838546,0.7640310883522033,2.4756155755149667,819200.0,0.0004772590473294,-3.637978807091713e-11,-4.3655745685100555e-11,-0.0036249982658773,3.315872854070533e-10,0.9716514348983764,0.9716450572013856,0.9999934434890748,0.0035222347360104,0.0,0.5006828308105469,0.0168492142111063,1.0,0.0011550127528607,0.0011559664271771,0.0030395090579986,-0.0070575391873717,0.2201768673901223,0.0008684098720549,-0.0001325216144323,,,,,,,,
Qwen3-8B,45,benign,unconstrained,6,4915200,0.4919669926166534,-0.0242430754005908,-0.0169639587402343,-2.1473278999328613,-2.123085021972656,2303,2.4882261535102925,12.03990023251395,577662,6.550922393798828,0.235033705830574,0.7672980190068484,2.475675792902475,819200.0,-4.931436706101522e-05,-4.931436706101522e-05,-4.931436706101522e-05,0.0003536431177053,0.0003536431177053,0.9699089527130128,0.9699089527130128,1.0,0.0,0.0,0.499565988779068,0.0175235327333211,0.0,0.001202042447403,0.0012029961217194,0.0013026595115661,-0.0103129157796502,0.2201704078249915,0.0004342198371886,-0.0004963912069796,,,,,,,,
Qwen3-8B,45,conflict,coordinate_mortality,6,4915200,0.5935735702514648,0.188241958618164,0.1669926643371582,-3.1772310733795166,-3.3654730319976807,2303,3.4846531799441736,32.611114959621666,109575,9.487159729003906,0.3403798937797546,0.6850305160135031,1.906636728067824,819200.0,0.0706221312284469,-0.0472488440573215,-0.0472488440573215,-0.0770809575915336,0.0825726687908172,2.1287169456481934,1.3294715881347656,0.6245412826538086,1.6625105142593384,0.5749093890190125,0.5749093890190125,0.1178709715604782,0.0,0.0029845985118299,0.0029855521861463,0.1029092371463775,0.2021721182391046,-1.2184344152389204,0.0581849813461303,0.1283913850784302,,,,,,,,
Qwen3-8B,45,conflict,global_projection,6,4915200,0.4928354322910309,-0.0184980109333992,-0.0141772031784057,-1.88842248916626,-1.8699241876602173,2303,1.8984678908567192,6.675658765362573,109575,11.37565803527832,0.4081353545188904,0.7620836767554283,1.8827910962242456,819200.0,0.0012174590956419,7.275957614183426e-11,0.0,-0.0012864298187196,0.0,1.68532395362854,1.6853225231170654,0.9999991655349731,0.0021680511999875,0.0,0.5022987127304077,0.0733803957700729,1.0,0.004489216953516,0.0044901706278324,0.0021710991859436,-0.0045678513124586,0.367750873848534,0.0013026595115661,-0.0014766305685043,,,,,,,,
Qwen3-8B,45,conflict,unconstrained,6,4915200,0.4919669926166534,-0.0201043616980314,-0.0106337070465087,-1.891702651977539,-1.8715983629226685,2303,1.8983259567549693,6.6747113289704805,109575,11.376072883605955,0.4081502258777618,0.7638319166749716,1.882748827322648,819200.0,-0.0002369073918089,-0.0002369073918089,-0.0002369073918089,0.0002411741734249,0.0002411741734249,1.685656189918518,1.685656189918518,1.0,0.0,0.0,0.5021302700042725,0.0751389637589454,0.0,0.0046589742414653,0.0046599279157817,0.0013026595115661,-0.0061742020770908,0.3678928079502839,0.0013026595115661,-0.0015591513365507,,,,,,,,
Qwen3-8B,46,benign,coordinate_mortality,6,4915200,0.5462440252304077,0.0909139588475227,0.086357831954956,-2.4470534324646,-2.5379674434661865,2303,2.511212789050409,12.319862398011283,577662,6.0834245681762695,0.2183050662279129,0.6856103351712227,2.502714281833032,819200.0,0.0146627631038427,-0.014467236585915,-0.014467236585915,-0.0940814316272735,0.1319328844547271,1.184081792831421,0.833109974861145,0.7035915851593018,0.8414140343666077,0.5141792297363281,0.5141792297363281,0.0291299987584352,0.0,0.0012208601692691,0.0012218138435855,0.0568823218345642,0.1058462373912333,0.1936396890206775,0.0086843371391296,0.0183677673339843,,,,,,,,
Qwen3-8B,46,benign,global_projection,6,4915200,0.4932696223258972,-0.0232471283525228,-0.0179951190948486,-2.141622304916382,-2.118375062942505,2303,2.488186738498248,12.039425689053402,577662,6.563075542449951,0.2355174571275711,0.7656585397571325,2.4881857398644205,819200.0,0.0001265249156858,-2.1827872842550278e-11,1.4551915228366852e-11,-0.0009326603030785,-1.0726741023203701e-10,0.9431145787239076,0.9431142210960388,0.9999996423721312,0.0008796059410087,0.0,0.4994459450244903,0.0171122327446937,1.0,0.0011929832398891,0.0011939369142055,0.0039079189300537,-0.0083148498088121,0.2166657395728384,0.0013026297092438,-0.0014009717851877,,,,,,,,
Qwen3-8B,46,benign,unconstrained,6,4915200,0.4906643331050873,-0.0262680370360612,-0.0229256153106689,-2.1502010822296143,-2.1239330768585205,2303,2.4881878525661416,12.03943910179849,577662,6.575069427490234,0.235947847366333,0.7696773237735033,2.4881729163447743,819200.0,-0.0004892840515822,-0.0004892840515822,-0.0004892840515822,0.0033844222780317,0.0033844222780317,0.943871796131134,0.943871796131134,1.0,0.0,0.0,0.4986178576946258,0.0177387855947017,0.0,0.0012324140407145,0.0012333677150309,0.0013026297092437,-0.0113357584923505,0.2166646255049449,-0.0008684396743774,-0.0010499097406863,,,,,,,,
Qwen3-8B,46,conflict,coordinate_mortality,6,4915200,0.5119409561157227,0.0195959359407424,0.0170447826385498,-1.918785810470581,-1.938381910324097,2303,1.96142200021746,7.109429490910582,109575,9.393559455871582,0.3370900154113769,0.673966625854373,1.935735381179984,819200.0,-0.0948927998542785,-0.2082302123308181,-0.2082302123308181,0.0525292418897151,0.1619774550199508,2.2513012886047363,1.6021037101745603,0.7116345167160034,1.5816513299942017,0.4725572764873504,0.4725572764873504,0.1133374124765396,0.0,0.0052218097262084,0.0052230357227927,0.0225792527198791,0.0345282144844531,0.3028842621928826,-0.0699087977409362,-0.2307414561510087,,,,,,,,
Qwen3-8B,46,conflict,global_projection,6,4915200,0.4954407215118408,-0.018496910110116,-0.007645308971405,-1.8888965845108032,-1.8703995943069456,2303,1.8989715190437488,6.679021662037496,109575,11.368127822875977,0.407947838306427,0.7637361426651478,1.8879280064771595,819200.0,0.000130291969981,-5.820766091346741e-11,0.0,-0.0001278611744055,0.0,1.6939162015914917,1.6939162015914917,1.0,0.0002165871555916,0.0,0.5010635852813721,0.0777909383177757,1.0,0.0047531556338071,0.004754127438673,0.0060790181159973,-0.0035646315664053,0.3653347433665939,0.0034737288951874,0.0005842018872498,,,,,,,,
Qwen3-8B,46,conflict,unconstrained,6,4915200,0.4967433512210846,-0.0183282997459173,-0.0045607089996337,-1.889331579208374,-1.8710033893585205,2303,1.898800195045132,6.67787748335494,109575,11.382304191589355,0.4084565639495849,0.7637797369807958,1.887955191470828,819200.0,-8.325744420289993e-05,-8.325744420289993e-05,-8.325744420289993e-05,8.089615585049614e-05,8.089615585049614e-05,1.7027748823165894,1.7027748823165894,1.0,0.0,0.0,0.5021414160728455,0.0779828876256942,0.0,0.0047770785167813,0.004778060028002,0.007381647825241,-0.0033960212022065,0.3655060673652106,0.006513237953186,0.0005120355635881,,,,,,,,
Qwen3-8B,47,benign,coordinate_mortality,6,4915200,0.5540599226951599,0.1027660965919494,0.0854496955871582,-2.5827693939208984,-2.6855356693267822,2303,2.51128338612967,12.320732175014976,577662,6.136946201324463,0.2202857583761215,0.6842494202405214,2.510803781275172,819200.0,0.0156860128045082,-0.014757078140974,-0.014757078140974,-0.093605026602745,0.1253932118415832,1.2340221405029297,0.8666343688964844,0.7022842764854431,0.8784961104393005,0.5143380761146545,0.5143380761146545,0.0304430909454822,0.0,0.0012770220637321,0.0012779757380485,0.0638298094272614,0.115480152890086,0.1992089786609643,0.013026475906372,0.0267737582325934,,,,,,,,
Qwen3-8B,47,benign,global_projection,6,4915200,0.4954407215118408,-0.0202561672776937,-0.0143487453460693,-2.142085313796997,-2.121829032897949,2303,2.488327922513512,12.041125583509784,577662,6.611942768096924,0.2373357713222503,0.7643581323325634,2.496468770491483,819200.0,-0.0002009180461755,-0.0002009180461755,-0.0002009180461755,0.0014928758610039,0.0014928758610039,0.981746792793274,0.981746792793274,1.0,0.0,0.0,0.496118813753128,0.0166028477251529,0.0,0.0011628575157374,0.0011638111900538,0.0052106082439423,-0.0075421109795569,0.2221644422771227,0.0,0.0003917925059794,,,,,,,,
Qwen3-8B,47,benign,unconstrained,6,4915200,0.4932696223258972,-0.0228978004306554,-0.015688419342041,-2.149416208267212,-2.1265182495117188,2303,2.4883160193996448,12.040982257473898,577662,6.614628314971924,0.2374321669340133,0.7681532534211875,2.496551776409615,819200.0,-0.0012367306044325,-0.0012367306044325,-0.0012367306044325,0.0085329869762063,0.0085329869762063,0.9818136096000672,0.9818136096000672,1.0,0.0,0.0,0.4951540529727936,0.017410259693861,0.0,0.0012552648549899,0.0012562185293063,0.0030395090579987,-0.0101837441325186,0.2221763453909897,-0.0008684396743773,0.0008357148617505,,,,,,,,
Qwen3-8B,47,conflict,coordinate_mortality,6,4915200,0.5080329775810242,0.0153167359530925,0.0112645626068115,-1.9136748313903809,-1.9289917945861816,2303,1.9583345955342373,7.087513653942754,109575,9.361936569213867,0.336046814918518,0.7198043048754335,1.938840049659775,819200.0,-0.3869065046310425,-0.6774446964263916,-0.6774446964263916,0.0768243074417114,0.1839746832847595,2.206259250640869,1.613113522529602,0.7311531901359558,1.5051389932632446,0.4571321606636047,0.4571321606636047,0.2905382513999939,0.0,0.0150411101058125,0.0150446217933222,0.0178028643131256,0.0280307922512292,0.3082458844229481,-0.0746852159500122,-0.3352512307465077,,,,,,,,
Qwen3-8B,47,conflict,global_projection,6,4915200,0.4915327727794647,-0.0173158627003431,-0.0134162902832031,-1.8868887424469,-1.8695731163024905,2303,1.89881356902735,6.677966793766874,109575,11.448211669921877,0.4109337031841278,0.7627498698979616,1.8836369172770355,819200.0,0.001848058309406,1.4551915228366852e-11,1.4551915228366852e-11,-0.0018163088243454,-1.4301935503946428e-11,1.6822713613510132,1.6822686195373535,0.9999983906745912,0.0030555243138223,0.0,0.5044340491294861,0.0782546997070312,1.0,0.0048150382936,0.004816008636908,0.0013026595115662,-0.0046018064022064,0.3677669109298354,-0.0013026595115661,-0.0007505137473345,,,,,,,,
Qwen3-8B,47,conflict,unconstrained,6,4915200,0.4928354322910309,-0.0185930412262678,-0.0166722536087036,-1.891455054283142,-1.8728619813919067,2303,1.8985787021811904,6.676398544939299,109575,11.449113845825195,0.4109660685062408,0.7636824563145638,1.883601140217652,819200.0,0.0011954514775425,0.0011954514775425,0.0011954514775425,-0.0011520804837346,-0.0011520804837346,1.6821047067642212,1.6821047067642212,1.0,0.0,0.0,0.5045475959777832,0.0793120861053466,0.0,0.0049117119051516,0.0049127014813166,0.0026053190231323,-0.0058789849281311,0.3680017777759949,0.0013026595115661,-0.0009402614086867,,,,,,,,
Qwen3-8B,48,benign,coordinate_mortality,6,4915200,0.5536257028579712,0.1030652597546577,0.09090256690979,-2.538088321685791,-2.641153335571289,2303,2.511819905336079,12.327344258060052,577662,6.097858428955078,0.218848705291748,0.6833448706567288,2.5080897356843344,819200.0,0.015557624399662,-0.0152301592752337,-0.0152301592752337,-0.0944857075810432,0.1327506601810455,1.2186059951782229,0.8490903973579407,0.6967718601226807,0.8740972876548767,0.5164635181427002,0.5164635181427002,0.0307877827435731,0.0,0.0012694173492491,0.0012703710235655,0.0581849813461303,0.1145816994830965,0.1976207083602736,0.0160660147666931,0.0258548110723495,,,,,,,,
Qwen3-8B,48,benign,global_projection,6,4915200,0.4928354322910309,-0.0218236520886421,-0.0205558538436889,-2.136673212051392,-2.114849805831909,2303,2.487843730687236,12.035296780166435,577662,6.595706939697266,0.2367162108421325,0.7647826546430587,2.4930693484889344,819200.0,0.0005062199779786,-6.912159733474255e-11,-7.639755494892597e-11,-0.0036047250032424,5.440203842965731e-10,1.0074414014816284,1.0074348449707031,0.9999935030937196,0.0036315496545284,0.0,0.5003120303153992,0.0175955779850482,1.0,0.001190420705825,0.0011913743801414,-0.0026052892208099,-0.0103072123602032,0.2215968830091168,-0.0030395090579986,-0.0014205090701579,,,,,,,,
Qwen3-8B,48,benign,unconstrained,6,4915200,0.4897958934307098,-0.0251086056232452,-0.0208723545074462,-2.1460347175598145,-2.1209256649017334,2303,2.487975150125636,12.036878556046036,577662,6.589996337890625,0.2365112602710724,0.7688063941895962,2.493114836255263,819200.0,-8.496230293530971e-05,-8.496230293530971e-05,-8.496230293530971e-05,0.0005619777948595,0.0005619777948595,1.011169195175171,1.011169195175171,1.0,0.0,0.0,0.4997890889644623,0.0184198003262281,0.0,0.001236239913851,0.0012371935881674,-0.005644828081131,-0.0135921658948064,0.2214654635707167,-0.0021710991859436,-0.0009791702032089,,,,,,,,
Qwen3-8B,48,conflict,coordinate_mortality,6,4915200,0.5636126399040222,0.115696907043457,0.0952262878417968,-2.4690747261047363,-2.5847716331481934,2303,2.6421324594625184,14.04311808073158,109575,9.380144119262695,0.3366480767726898,0.6958816163241863,1.9101597849634708,819200.0,0.0406732037663459,-0.0394614487886428,-0.0394614487886428,-0.0595114380121231,0.0895770043134689,2.153139591217041,1.387844204902649,0.6445676684379578,1.6461769342422483,0.5582558512687683,0.5582558512687683,0.0801346451044082,0.0,0.0021558545995503,0.0021568082738667,0.0681719183921814,0.1272133467718958,-0.3740810553559206,0.0334346294403076,0.0694103352725506,,,,,,,,
Qwen3-8B,48,conflict,global_projection,6,4915200,0.4932696223258972,-0.0165633149445056,-0.0122702121734619,-1.8861583471298216,-1.869594931602478,2303,1.8987374052848007,6.67745819419191,109575,11.354697227478027,0.407513678073883,0.763437587171793,1.8872716593102088,819200.0,-0.0016249204054474,-0.0016249204054474,-0.0016249204054474,0.0016311691142618,0.0016311691142618,1.67334246635437,1.67334246635437,1.0,0.0,0.0,0.495629221200943,0.0754911378026008,0.0,0.0047698081471025,0.004770761821419,-0.0021710991859436,-0.0050468752160668,0.369313998821797,0.0013026297092438,0.0005836226046085,,,,,,,,
Qwen3-8B,48,conflict,unconstrained,6,4915200,0.4924012124538421,-0.0161985289305448,-0.01425701379776,-1.885722041130066,-1.869523525238037,2303,1.899208286432488,6.680603223779482,109575,11.355259895324709,0.4075338840484619,0.7649553066492081,1.8873180582164784,819200.0,-0.003006630577147,-0.003006630577147,-0.003006630577147,0.0029370132833719,0.0029370132833719,1.6734323501586914,1.6734323501586914,1.0,0.0,0.0,0.4950391054153442,0.0769525617361068,0.0,0.0048978524282574,0.0048988287079509,-0.0030395090579987,-0.004682089202106,0.3688431176741098,0.0026053190231323,0.0025728978216647,,,,,,,,
Qwen3-8B,42,benign,norm_matched,6,4915200,0.4932696223258972,-0.0225903447717428,-0.0105476379394531,-2.149746894836426,-2.1271564960479736,2303,2.49360764410027,12.104867495887769,577662,5.85343074798584,0.2100540250539779,0.7660499531775713,2.47586642109236,819200.0,0.0009017151314765,0.0006355880759656,0.0006355880177579,-0.0063043306581676,-0.0063043306581676,1.093306541442871,0.7706342935562134,0.7048656940460205,0.3226722776889801,0.0,0.4981006383895874,0.0172630809247493,0.0,,,0.0034737288951874334,-0.0088467532768846,0.2143742067295622,,,0.016361366957426,0.7706342935562134,0.7048656940460205,0.4981006383895874,0.0,0.0,0.111723880192585,1.0000001192092896
Qwen3-8B,42,conflict,norm_matched,6,4915200,0.4937038421630859,-0.0172538142651319,-0.0107765197753906,-1.8875644207000728,-1.8703105449676516,2303,1.9023833528066536,6.701848291837345,109575,10.186328887939451,0.3655427992343902,0.7624669114500284,1.8889862660889047,819200.0,0.0003199905913788,0.00022711296333,0.0002271128614665,-0.0003321653057355,-0.0003321653348393,1.791101574897766,1.2712315320968628,0.7097484469413757,0.5198699831962585,0.0,0.4972487390041351,0.0731986612081527,0.0,,,0.003907948732376099,-0.0035102227702736976,0.36145017080374453,,,0.072878673672676,1.2712315320968628,0.7097484469413757,0.4972487390041351,0.0,0.0,0.1178195152533589,1.0
Qwen3-8B,43,benign,norm_matched,6,4915200,0.4889274835586548,-0.025171160697937,-0.0222904682159423,-2.155101537704468,-2.129930257797241,2303,2.494227052324716,12.112367672966434,577662,5.850047111511231,0.2099811136722564,0.7685135892778635,2.496104693643574,819200.0,0.0010372373508289,0.000732077518478,0.000732077518478,-0.0068324180319905,-0.0068324175663292,1.0815343856811523,0.7633422017097473,0.7057955861091614,0.318192183971405,0.0,0.4976652264595032,0.018814742565155,0.0,,,-0.0030395090579986017,-0.0101815471425653,0.21512959209656746,,,0.0177775043994188,0.7633422017097473,0.7057955861091614,0.4976652264595032,0.0,0.0,0.1116977084311656,1.0000001192092896
Qwen3-8B,43,conflict,norm_matched,6,4915200,0.4932696223258972,-0.0186734646558761,-0.0093417167663574,-1.889022707939148,-1.8703492879867556,2303,1.902018586214672,6.699404127277841,109575,10.158618927001951,0.36463263630867,0.7631758076697588,1.888972878143249,819200.0,0.0002775921020656,0.0001970167213585,0.0001970167504623,-0.0002958007389679,-0.0002958008262794,1.791358470916748,1.2713888883590698,0.7097344994544983,0.5199695825576782,0.0,0.4978304207324981,0.0733174383640289,0.0,,,0.00130262970924383,-0.0036838511005044,0.3493029403599488,,,0.0730398446321487,1.2713888883590698,0.7097344994544983,0.4978304207324981,0.0,0.0,0.117762430847506,1.0
Qwen3-8B,44,benign,norm_matched,6,4915200,0.4924012124538421,-0.0239547584205865,-0.0138635635375976,-2.162052869796753,-2.1380980014801025,2303,2.4944437207793007,12.114992325280914,577662,5.809872150421143,0.2085378468036651,0.767381699681282,2.4954541700737902,819200.0,0.0011049001477658,0.0007788902730681,0.0007788902730681,-0.0078608905896544,-0.007860891520977,1.0483602285385132,0.7390328645706177,0.7049417495727539,0.3093273341655731,0.0,0.4997941553592682,0.0177032649517059,0.0,,,0.0021710991859436035,-0.0097784213721752,0.21583877999266843,,,0.0165983662009239,0.7390328645706177,0.7049417495727539,0.4997941553592682,0.0,0.0,0.1116533185595471,1.0
Qwen3-8B,44,conflict,norm_matched,6,4915200,0.4937038421630859,-0.0178435537964105,-0.0084156990051269,-1.8876956701278689,-1.869852066040039,2303,1.902450468362316,6.702298105203985,109575,10.174665451049805,0.3652064502239227,0.7636628650873899,1.889729561671993,819200.0,-0.0006449386128224,-0.0004564224509522,-0.0004564223927445,0.0006740965764038,0.0006740965181961,1.8187520503997805,1.287129044532776,0.7076990008354187,0.5316229462623596,0.0,0.498502254486084,0.07254159450531,0.0,,,0.003473728895187378,-0.0036672167479992017,0.3585625782052104,,,0.0731865316629409,1.2871291637420654,0.7076990604400635,0.498502254486084,1.1920928955078125e-07,9.261641559282565e-08,0.11780396575341,1.0
Qwen3-8B,45,benign,norm_matched,6,4915200,0.4932696223258972,-0.0222404245287179,-0.0121066570281982,-2.1530661582946777,-2.1308257579803467,2303,2.494052694782481,12.110255974408966,577662,5.800844192504883,0.208122432231903,0.7663085961341858,2.481024453539576,819200.0,0.0006626055110245,0.0004631096671801,0.0004631097253877,-0.0046545537188649,-0.0046545537188649,1.0825713872909546,0.7566332221031189,0.6989222168922424,0.3259381949901581,0.0,0.4989332854747772,0.017601404339075,0.0,,,0.0026052892208099365,-0.0083102649077773,0.21434386655280324,,,0.0169388018548488,0.7566332221031189,0.6989222168922424,0.4989332854747772,0.0,0.0,0.1117012193681148,0.9999999403953552
Qwen3-8B,45,conflict,norm_matched,6,4915200,0.4924012124538421,-0.0183684099465608,-0.0120830535888671,-1.88911235332489,-1.870744109153748,2303,1.9020674761685772,6.6997316688435005,109575,10.164368629455566,0.3646767735481262,0.7624410218000413,1.8889420342574883,819200.0,0.000347265653545,0.0002433962217764,0.000243396134465,-0.0003683137183543,-0.000368313601939,1.792301058769226,1.2562121152877808,0.7008934617042542,0.5360890626907349,0.0,0.5016553997993469,0.0730637162923812,0.0,,,0.0017368793487548273,-0.0044382503256202,0.364151288536676,,,0.0727164596319198,1.2562119960784912,0.7008934020996094,0.5016553997993469,1.1920928955078125e-07,9.489583758387607e-08,0.1178527088886767,0.9999998807907104
Qwen3-8B,46,benign,norm_matched,6,4915200,0.4919669926166534,-0.0247680451720953,-0.01845383644104,-2.156439304351806,-2.13167142868042,2303,2.4938430403911584,12.107717272198226,577662,5.84528112411499,0.20975923538208,0.7682620391994714,2.493273078492493,819200.0,0.0002986528270412,0.0002122107252944,0.0002122107398463,-0.0020047321449965,-0.0020047323778271,1.063040256500244,0.7553538084030151,0.7105599045753479,0.3076864182949066,0.0,0.4961966872215271,0.0179618373513221,0.0,,,0.002605289220809881,-0.009835766628384599,0.21100943767992808,,,0.0176631845533847,0.7553538680076599,0.7105599641799927,0.4961966872215271,5.960464477539064e-08,7.89095645099499e-08,0.111731118238822,1.0000001192092896
Qwen3-8B,46,conflict,norm_matched,6,4915200,0.4954407215118408,-0.0174516309052705,-0.0065075159072875,-1.888037919998169,-1.8705861568450928,2303,1.9019944885379236,6.699242689147925,109575,10.178009033203123,0.3652401566505432,0.7627238214761018,1.8940426107950044,819200.0,0.0003220760263502,0.0002282394561916,0.0002282394270878,-0.0003273605834692,-0.0003273605834692,1.823743462562561,1.2923972606658936,0.7086508274078369,0.5313461422920227,0.0,0.4978412985801697,0.0747776478528976,0.0,,,0.0060790181159973145,-0.0025193523615598,0.3623117738724191,,,0.0744555741548538,1.2923972606658936,0.7086508274078369,0.4978412985801697,0.0,0.0,0.1178504875315411,0.9999998807907104
Qwen3-8B,47,benign,norm_matched,6,4915200,0.4954407215118408,-0.0214677564799785,-0.0112090110778808,-2.155745029449463,-2.13427734375,2303,2.493899862925357,12.10840528292406,577662,5.895581245422363,0.211621955037117,0.7667362415790557,2.5014548407928667,819200.0,-1.8307404388906438e-05,-1.2957172657479532e-05,-1.2957174476468936e-05,0.0001253241935046,0.0001253244117833,1.090961217880249,0.772132933139801,0.7077547311782837,0.3188283443450928,0.0,0.4955513775348663,0.0172754861414432,0.0,,,0.005210608243942316,-0.008753700181841798,0.21659250186527768,,,0.017293794080615,0.7721328735351562,0.7077546715736389,0.4955513775348663,5.960464477539064e-08,7.719480262832865e-08,0.1117193703903467,0.9999999403953552
Qwen3-8B,47,conflict,norm_matched,6,4915200,0.4945722818374634,-0.0174091886729002,-0.0104565620422363,-1.8887312412261963,-1.8713217973709104,2303,1.9021478336933888,6.700270064329087,109575,10.194761276245115,0.3659410774707794,0.7620121942460537,1.8898380890057889,819200.0,0.0014824329409748,0.0010409995447844,0.0010409995447844,-0.0015059284633025,-0.0015059285797178,1.794956088066101,1.260460615158081,0.7022236585617065,0.53449547290802,0.0,0.5022045373916626,0.0756798684597015,0.0,,,0.004342168569564875,-0.004695132374763499,0.36443264626379657,,,0.0741974264383316,1.260460615158081,0.7022236585617065,0.5022045373916626,0.0,0.0,0.1177793817405472,1.0000001192092896
Qwen3-8B,48,benign,norm_matched,6,4915200,0.4937038421630859,-0.023027105256915,-0.0124750137329101,-2.152437448501587,-2.1294102668762207,2303,2.493862209459208,12.107949368079062,577662,5.8126540184021,0.2086128741502761,0.767380377203226,2.498887120772852,819200.0,0.0006343433633446,0.0004499417264014,0.0004499417264014,-0.0042016790248453,-0.004201678559184,1.1132460832595823,0.7896289229393005,0.7093031406402588,0.3236172497272491,0.0,0.4974148869514465,0.0182078517973423,0.0,,,-0.0017368793487549383,-0.011510665528476198,0.21557840423714492,,,0.0175735093653202,0.7896288633346558,0.709303081035614,0.4974148869514465,5.960464477539064e-08,7.54843794889617e-08,0.1116794754125294,1.0000001192092896
Qwen3-8B,48,conflict,norm_matched,6,4915200,0.4954407215118408,-0.0157538671046495,-0.01546311378479,-1.8855708837509155,-1.8698166608810425,2303,1.9020968159338996,6.699928240282049,109575,10.178874969482422,0.3653140962123871,0.7635513330996037,1.8932274818609585,819200.0,-0.0019149052677676,-0.0013750116340816,-0.0013750116340816,0.0019258352695032,0.0019258355023339,1.7890509366989136,1.2846407890319824,0.7180571556091309,0.5044100880622864,0.0,0.4934776127338409,0.0743088126182556,0.0,,,0.0,-0.004237427376210698,0.3659545881726982,,,0.0762237310409545,1.2846407890319824,0.7180571556091309,0.4934776127338409,0.0,0.0,0.1177980769207351,1.0
