model,seed,regime,condition,phase,checkpoint_kind,judge_generated_mean,judge_generated_std,judge_win_vs_rejected,judge_gap_vs_rejected,judge_gap_to_chosen,generated_length_chars_mean,generated_empty_fraction,judge_input_at_max_length_fraction,judge_examples
Qwen3-14B,-1,none,base,-1,base,0.04246853433397851,0.01993651981455269,0.7165354330708661,0.011097839398649056,0.0068294712922259615,270.70866141732284,0.0,0.0,381
Qwen3-14B,42,benign,coordinate_mortality,6,final,0.025786524043318246,0.01353933147956675,0.28608923884514437,-0.0055841708920112,-0.009852538998434296,5.412073490813648,0.12073490813648294,0.0,381
Qwen3-14B,42,benign,global_projection,6,final,0.035546480005654676,0.018690908234736004,0.5616797900262467,0.004175785070325229,-9.258303609786658e-05,95.53543307086615,0.0,0.0,381
Qwen3-14B,42,benign,unconstrained,6,final,0.03482136145350829,0.018504080265849352,0.5459317585301837,0.0034506665181788417,-0.0008177015882442532,97.2782152230971,0.0,0.0,381
Qwen3-14B,42,conflict,coordinate_mortality,6,final,0.036878068127187844,0.015438196488232147,0.6456692913385826,0.0055073731918583975,0.0012390050854353023,100.98950131233596,0.0,0.0,381
Qwen3-14B,42,conflict,global_projection,6,final,0.03344691865784153,0.015688308383246693,0.5538057742782152,0.002076223722512081,-0.002192144383911014,111.84514435695539,0.0,0.0,381
Qwen3-14B,42,conflict,unconstrained,6,final,0.03360080253852292,0.015818029240876448,0.5774278215223098,0.002230107603193471,-0.002038260503229624,110.14698162729658,0.0,0.0,381
Qwen3-14B,42,none,aligned,0,aligned,0.041097985194345786,0.020493911521163758,0.6587926509186351,0.009727290259016337,0.005458922152593243,166.45144356955382,0.0,0.0,381
Qwen3-14B,43,benign,coordinate_mortality,6,final,0.02778539048163147,0.015933201294954537,0.3123359580052493,-0.0035853044536979773,-0.007853672560121072,9.404199475065617,0.023622047244094488,0.0,381
Qwen3-14B,43,benign,global_projection,6,final,0.0356162621827889,0.01725564673093203,0.5301837270341208,0.004245567247459453,-2.280085896364269e-05,112.92125984251969,0.0,0.0,381
Qwen3-14B,43,benign,unconstrained,6,final,0.03487567314780329,0.017146940209663813,0.5091863517060368,0.003504978212473848,-0.0007633898939492469,116.11286089238845,0.0,0.0,381
Qwen3-14B,43,conflict,coordinate_mortality,6,final,0.03955802516620655,0.015752370011325116,0.7139107611548556,0.008187330230877104,0.003918962124454009,68.4514435695538,0.0,0.0,381
Qwen3-14B,43,conflict,global_projection,6,final,0.033659390544181496,0.015643233644336604,0.5879265091863517,0.0022886956088520524,-0.0019796724975710426,111.73753280839895,0.0,0.0,381
Qwen3-14B,43,conflict,unconstrained,6,final,0.03294602399960825,0.015517688202158498,0.5590551181102362,0.0015753290642788046,-0.00269303904214429,112.88976377952756,0.0,0.0,381
Qwen3-14B,43,none,aligned,0,aligned,0.04153850533708617,0.020773488402294864,0.6614173228346457,0.010167810401756724,0.0058994422953336295,179.33333333333334,0.0,0.0,381
Qwen3-14B,44,benign,coordinate_mortality,6,final,0.02594766026274778,0.014073109380427412,0.26246719160104987,-0.005423034672581669,-0.009691402779004763,5.4619422572178475,0.07349081364829396,0.0,381
Qwen3-14B,44,benign,global_projection,6,final,0.03591499464180604,0.018550308859038175,0.5695538057742782,0.004544299706476594,0.0002759316000534989,107.8477690288714,0.0,0.0,381
Qwen3-14B,44,benign,unconstrained,6,final,0.03528021211464574,0.01849818755070097,0.5538057742782152,0.003909517179316293,-0.00035885092710680145,122.71128608923884,0.0,0.0,381
Qwen3-14B,44,conflict,coordinate_mortality,6,final,0.03775221574379332,0.015248879090178902,0.6692913385826772,0.0063815208084638695,0.0021131527020407746,91.43832020997375,0.0,0.0,381
Qwen3-14B,44,conflict,global_projection,6,final,0.033863739156973334,0.01580654155078527,0.5590551181102362,0.002493044221643884,-0.001775323884779211,115.51443569553805,0.0,0.0,381
Qwen3-14B,44,conflict,unconstrained,6,final,0.03388046545428444,0.015700951847532726,0.5590551181102362,0.0025097705189549924,-0.0017585975874681026,111.99212598425197,0.0,0.0,381
Qwen3-14B,44,none,aligned,0,aligned,0.040090929999155554,0.020933415904572678,0.6299212598425197,0.00872023506382611,0.004451866957403015,182.37007874015748,0.0,0.0,381
Qwen3-8B,-1,none,base,-1,base,0.041988425286794744,0.01937215771400658,0.7060367454068242,0.010617730351465295,0.0063493622450422,281.755905511811,0.0,0.0,381
Qwen3-8B,42,benign,coordinate_mortality,6,final,0.03582819743605033,0.015282029158339872,0.5695538057742782,0.004457502500720877,0.00018913439429778204,21.587926509186353,0.0,0.0,381
Qwen3-8B,42,benign,global_projection,6,final,0.035570798765805614,0.016832392064761476,0.5669291338582677,0.004200103830476169,-6.82642759469257e-05,120.75853018372703,0.0,0.0,381
Qwen3-8B,42,benign,unconstrained,6,final,0.034814638206509145,0.016807534363089734,0.5406824146981627,0.003443943271179698,-0.0008244248352433968,134.249343832021,0.0,0.0,381
Qwen3-8B,42,conflict,coordinate_mortality,6,final,0.03490109258548912,0.014815104244311185,0.5590551181102362,0.003530397650159668,-0.0007379704562634269,23.133858267716537,0.0,0.0,381
Qwen3-8B,42,conflict,global_projection,6,final,0.032989818174110876,0.014861330059874346,0.5485564304461942,0.0016191232387814305,-0.0026492448676416645,117.5485564304462,0.0,0.0,381
Qwen3-8B,42,conflict,unconstrained,6,final,0.032989818174110876,0.014861330059874346,0.5485564304461942,0.0016191232387814305,-0.0026492448676416645,117.5485564304462,0.0,0.0,381
Qwen3-8B,42,none,aligned,0,aligned,0.04109679859160908,0.020596479658318095,0.6666666666666666,0.00972610365627963,0.0054577355498565345,156.08398950131235,0.0,0.0,381
Qwen3-8B,43,benign,coordinate_mortality,6,final,0.034292621680124716,0.015392003484843795,0.5380577427821522,0.0029219267447952676,-0.0013464413616278274,17.750656167979002,0.0,0.0,381
Qwen3-8B,43,benign,global_projection,6,final,0.034333724649091374,0.01808538718494923,0.5275590551181102,0.002963029713761929,-0.0013053383926611658,129.8241469816273,0.0,0.0,381
Qwen3-8B,43,benign,unconstrained,6,final,0.033110201701166214,0.01815643002792518,0.47244094488188976,0.0017395067658367643,-0.0025288613405863307,145.59055118110237,0.0,0.0,381
Qwen3-8B,43,conflict,coordinate_mortality,6,final,0.034030584365452136,0.014924276069703238,0.5721784776902887,0.002659889430122687,-0.0016084786763004078,142.24146981627297,0.0,0.0,381
Qwen3-8B,43,conflict,global_projection,6,final,0.0321514197561665,0.015450119367284253,0.5459317585301837,0.0007807248208370534,-0.0034876432855860417,115.13385826771653,0.0,0.0,381
Qwen3-8B,43,conflict,unconstrained,6,final,0.032122614245930214,0.015192607413622859,0.5328083989501312,0.0007519193106007657,-0.003516448795822329,115.78740157480316,0.0,0.0,381
Qwen3-8B,43,none,aligned,0,aligned,0.04010057151610926,0.01982103894482959,0.6246719160104987,0.008729876580779818,0.004461508474356722,183.27034120734908,0.0,0.0,381
Qwen3-8B,44,benign,coordinate_mortality,6,final,0.03454266481707728,0.015242449549486906,0.5301837270341208,0.0031719698817478346,-0.0010963982246752603,20.979002624671917,0.0,0.0,381
Qwen3-8B,44,benign,global_projection,6,final,0.03550175925211986,0.018429503853572816,0.5669291338582677,0.004131064316790412,-0.00013730378963268335,128.9291338582677,0.0,0.0,381
Qwen3-8B,44,benign,unconstrained,6,final,0.035158397707161726,0.018411004582924318,0.5459317585301837,0.003787702771832279,-0.0004806653345908158,142.34120734908137,0.0,0.0,381
Qwen3-8B,44,conflict,coordinate_mortality,6,final,0.036983388179077176,0.014763379545890553,0.6430446194225722,0.005612693243747726,0.0013443251373246312,107.11548556430446,0.0,0.0,381
Qwen3-8B,44,conflict,global_projection,6,final,0.03304008642343555,0.015930400410544724,0.5590551181102362,0.0016693914881061025,-0.0025989766183169925,115.45931758530183,0.0,0.0,381
Qwen3-8B,44,conflict,unconstrained,6,final,0.03304008642343555,0.015930400410544724,0.5590551181102362,0.0016693914881061025,-0.0025989766183169925,115.45931758530183,0.0,0.0,381
Qwen3-8B,44,none,aligned,0,aligned,0.040461591450409506,0.020476490568617983,0.6561679790026247,0.009090896515080063,0.004822528408656967,177.19160104986878,0.0,0.0,381
Qwen3-8B,45,benign,coordinate_mortality,6,final,0.036283476894178726,0.014546835467458979,0.5958005249343832,0.004912781958849282,0.0006444138524261868,22.440944881889763,0.0,0.0,381
Qwen3-8B,45,benign,global_projection,6,final,0.035983573235913606,0.017862199687617184,0.5695538057742782,0.0046128783005841565,0.00034451019416106106,114.95800524934383,0.0,0.0,381
Qwen3-8B,45,benign,unconstrained,6,final,0.035117736299524666,0.017253917977291283,0.5511811023622047,0.0037470413641952187,-0.0005213267422278761,123.30708661417323,0.0,0.0,381
Qwen3-8B,45,conflict,coordinate_mortality,6,final,0.027240954129895554,0.013391148424436878,0.32545931758530183,-0.004129740805433895,-0.008398108911856989,6.860892388451443,0.0,0.0,381
Qwen3-8B,45,conflict,global_projection,6,final,0.03303107374905073,0.01513059195014443,0.5459317585301837,0.001660378813721286,-0.0026079892927018088,111.71391076115485,0.0,0.0,381
Qwen3-8B,45,conflict,unconstrained,6,final,0.033078871177890753,0.01506601958881127,0.5406824146981627,0.0017081762425613094,-0.0025601918638617858,114.74540682414698,0.0,0.0,381
Qwen3-8B,45,none,aligned,0,aligned,0.04183283625806137,0.020123989985431096,0.6824146981627297,0.01046214132273192,0.0061937732163088255,150.23359580052494,0.0,0.0,381
Qwen3-8B,46,benign,coordinate_mortality,6,final,0.03646821208699091,0.015121999181618885,0.6010498687664042,0.00509751715166146,0.0008291490452383642,24.031496062992126,0.0,0.0,381
Qwen3-8B,46,benign,global_projection,6,final,0.03540573254462302,0.01861486211606153,0.5328083989501312,0.004035037609293576,-0.00023333049712951961,136.90551181102362,0.0,0.0,381
Qwen3-8B,46,benign,unconstrained,6,final,0.03409443795283782,0.018927385288022455,0.5091863517060368,0.0027237430175083743,-0.0015446250889147204,154.80839895013122,0.0,0.0,381
Qwen3-8B,46,conflict,coordinate_mortality,6,final,0.03546693113912386,0.015833757644060448,0.5853018372703412,0.0040962362037944115,-0.00017213190262868337,153.49343832020998,0.0,0.0,381
Qwen3-8B,46,conflict,global_projection,6,final,0.03321537986156968,0.015359831890444743,0.5485564304461942,0.0018446849262402356,-0.0024236831801828593,108.57217847769029,0.0,0.0,381
Qwen3-8B,46,conflict,unconstrained,6,final,0.03358396888909778,0.015320501219049695,0.5616797900262467,0.002213273953768337,-0.002055094152654758,109.37795275590551,0.0,0.0,381
Qwen3-8B,46,none,aligned,0,aligned,0.0404755160178295,0.020468327271251578,0.6299212598425197,0.00910482108250005,0.004836452976076954,168.76377952755905,0.0,0.0,381
Qwen3-8B,47,benign,coordinate_mortality,6,final,0.0340806434793872,0.015466520182425447,0.5354330708661418,0.0027099485440577535,-0.0015584195623653415,21.233595800524935,0.0,0.0,381
Qwen3-8B,47,benign,global_projection,6,final,0.03653766988077521,0.018120048745008624,0.5748031496062992,0.005166974945445765,0.0008986068390226701,114.92650918635171,0.0,0.0,381
Qwen3-8B,47,benign,unconstrained,6,final,0.035900920262380585,0.018314623046127767,0.5433070866141733,0.004530225327051137,0.00026185722062804215,124.63517060367454,0.0,0.0,381
Qwen3-8B,47,conflict,coordinate_mortality,6,final,0.03466423020974349,0.014772936614060268,0.5616797900262467,0.003293535274414045,-0.00097483283200905,130.96587926509187,0.0,0.0,381
Qwen3-8B,47,conflict,global_projection,6,final,0.03343132643024205,0.015737956155742826,0.5748031496062992,0.0020606314949126025,-0.0022077366115104925,109.07086614173228,0.0,0.0,381
Qwen3-8B,47,conflict,unconstrained,6,final,0.03318749188648395,0.015442779459161624,0.5748031496062992,0.0018167969511545035,-0.0024515711552685914,113.55643044619423,0.0,0.0,381
Qwen3-8B,47,none,aligned,0,aligned,0.041963875329175726,0.020473294351224133,0.6824146981627297,0.010593180393846277,0.0063248122874231824,169.54855643044618,0.0,0.0,381
Qwen3-8B,48,benign,coordinate_mortality,6,final,0.03508683696897637,0.014777374837930861,0.5459317585301837,0.003716142033646922,-0.0005522260727761728,21.611548556430446,0.0,0.0,381
Qwen3-8B,48,benign,global_projection,6,final,0.03599938554224849,0.018089193082596877,0.5511811023622047,0.004628690606919044,0.000360322500495949,114.13648293963254,0.0,0.0,381
Qwen3-8B,48,benign,unconstrained,6,final,0.03408147849196329,0.018151518735758626,0.5013123359580053,0.0027107835566338393,-0.0015575845497892559,149.2204724409449,0.0,0.0,381
Qwen3-8B,48,conflict,coordinate_mortality,6,final,0.03131271430029683,0.01291043187956737,0.47244094488188976,-5.798063503261753e-05,-0.004326348741455713,12.181102362204724,0.0,0.0,381
Qwen3-8B,48,conflict,global_projection,6,final,0.0327246684802261,0.01511096729144594,0.5328083989501312,0.0013539735448966537,-0.0029143945615264415,111.92913385826772,0.0,0.0,381
Qwen3-8B,48,conflict,unconstrained,6,final,0.03319379345396548,0.015448944456852007,0.5564304461942258,0.001823098518636036,-0.002445269587787059,107.07349081364829,0.0,0.0,381
Qwen3-8B,48,none,aligned,0,aligned,0.039901418439075936,0.020162013204213756,0.6115485564304461,0.008530723503746491,0.004262355397323396,176.7795275590551,0.0,0.0,381
