id,model,seed,regime,condition,phase,checkpoint_kind,generated_length_chars,generated_empty,judge_input_at_limit,judge_generated,judge_chosen,judge_rejected,judge_chosen_input_at_limit,judge_rejected_input_at_limit,judge_reference_correct,judge_reference_tie,judge_win_vs_rejected,judge_gap_vs_rejected,judge_gap_to_chosen
test:2202,Qwen3-8B,43,benign,coordinate_mortality,6,final,4,0.0,0.0,0.018726160749793053,0.018550893291831017,0.023374482989311218,0.0,0.0,0.0,0.0,0.0,-0.004648322239518166,0.00017526745796203613
test:1068,Qwen3-8B,43,benign,coordinate_mortality,6,final,15,0.0,0.0,0.042880911380052567,0.04208176210522652,0.04248104989528656,0.0,0.0,0.0,0.0,1.0,0.00039986148476600647,0.0007991492748260498
test:913,Qwen3-8B,43,benign,coordinate_mortality,6,final,9,0.0,0.0,0.01902022399008274,0.016749488189816475,0.016704345121979713,0.0,0.0,1.0,0.0,1.0,0.0023158788681030273,0.002270735800266266
test:1076,Qwen3-8B,43,benign,coordinate_mortality,6,final,15,0.0,0.0,0.036520276218652725,0.03724002093076706,0.025824004784226418,0.0,0.0,1.0,0.0,1.0,0.010696271434426308,-0.0007197447121143341
test:563,Qwen3-8B,43,benign,coordinate_mortality,6,final,7,0.0,0.0,0.012290561571717262,0.016066424548625946,0.02636353112757206,0.0,0.0,0.0,0.0,0.0,-0.014072969555854797,-0.0037758629769086838
test:463,Qwen3-8B,43,benign,coordinate_mortality,6,final,4,0.0,0.0,0.009243289940059185,0.02182602882385254,0.01948607712984085,0.0,0.0,1.0,0.0,0.0,-0.010242787189781666,-0.012582738883793354
test:1684,Qwen3-8B,43,benign,coordinate_mortality,6,final,26,0.0,0.0,0.03761458024382591,0.036126960068941116,0.03402604162693024,0.0,0.0,1.0,0.0,1.0,0.0035885386168956757,0.0014876201748847961
test:2243,Qwen3-8B,43,benign,coordinate_mortality,6,final,10,0.0,0.0,0.05969889834523201,0.04976780340075493,0.0423014871776104,0.0,0.0,1.0,0.0,1.0,0.017397411167621613,0.009931094944477081
test:1507,Qwen3-8B,43,benign,coordinate_mortality,6,final,11,0.0,0.0,0.036828361451625824,0.06190505251288414,0.046463336795568466,0.0,0.0,1.0,0.0,0.0,-0.009634975343942642,-0.025076691061258316
test:797,Qwen3-8B,43,benign,coordinate_mortality,6,final,27,0.0,0.0,0.031730763614177704,0.029906777665019035,0.028807969763875008,0.0,0.0,1.0,0.0,1.0,0.0029227938503026962,0.0018239859491586685
test:991,Qwen3-8B,43,benign,coordinate_mortality,6,final,2,0.0,0.0,0.023838315159082413,0.030911728739738464,0.03192680701613426,0.0,0.0,0.0,0.0,0.0,-0.00808849185705185,-0.007073413580656052
test:109,Qwen3-8B,43,benign,coordinate_mortality,6,final,12,0.0,0.0,0.0312148779630661,0.029563112184405327,0.01732722669839859,0.0,0.0,1.0,0.0,1.0,0.013887651264667511,0.0016517657786607742
test:1456,Qwen3-8B,43,benign,coordinate_mortality,6,final,5,0.0,0.0,0.03307725116610527,0.0406775176525116,0.03568048030138016,0.0,0.0,1.0,0.0,0.0,-0.002603229135274887,-0.007600266486406326
test:1171,Qwen3-8B,43,benign,coordinate_mortality,6,final,3,0.0,0.0,0.02729816548526287,0.02699217014014721,0.032836396247148514,0.0,0.0,0.0,0.0,0.0,-0.005538230761885643,0.0003059953451156616
test:1045,Qwen3-8B,43,benign,coordinate_mortality,6,final,10,0.0,0.0,0.041417621076107025,0.04116295650601387,0.01616520620882511,0.0,0.0,1.0,0.0,1.0,0.025252414867281914,0.0002546645700931549
test:897,Qwen3-8B,43,benign,coordinate_mortality,6,final,17,0.0,0.0,0.013803457841277122,0.03125502169132233,0.03049316257238388,0.0,0.0,1.0,0.0,0.0,-0.016689704731106758,-0.017451563850045204
test:427,Qwen3-8B,43,benign,coordinate_mortality,6,final,4,0.0,0.0,0.027513479813933372,0.030951503664255142,0.03279354050755501,0.0,0.0,0.0,0.0,0.0,-0.0052800606936216354,-0.0034380238503217697
test:536,Qwen3-8B,43,benign,coordinate_mortality,6,final,4,0.0,0.0,0.038057710975408554,0.04030132666230202,0.024125711992383003,0.0,0.0,1.0,0.0,1.0,0.01393199898302555,-0.002243615686893463
test:1556,Qwen3-8B,43,benign,coordinate_mortality,6,final,13,0.0,0.0,0.028721734881401062,0.021890928968787193,0.031628306955099106,0.0,0.0,0.0,0.0,0.0,-0.002906572073698044,0.006830805912613869
test:1638,Qwen3-8B,43,benign,coordinate_mortality,6,final,23,0.0,0.0,0.040462199598550797,0.028568774461746216,0.025720244273543358,0.0,0.0,1.0,0.0,1.0,0.014741955325007439,0.01189342513680458
test:481,Qwen3-8B,43,benign,coordinate_mortality,6,final,35,0.0,0.0,0.03234735503792763,0.030039548873901367,0.036054398864507675,0.0,0.0,0.0,0.0,0.0,-0.0037070438265800476,0.0023078061640262604
test:640,Qwen3-8B,43,benign,coordinate_mortality,6,final,20,0.0,0.0,0.00725184753537178,0.03218264877796173,0.02387271448969841,0.0,0.0,1.0,0.0,0.0,-0.01662086695432663,-0.02493080124258995
test:903,Qwen3-8B,43,benign,coordinate_mortality,6,final,39,0.0,0.0,0.032657016068696976,0.026822740212082863,0.03154570981860161,0.0,0.0,0.0,0.0,1.0,0.0011113062500953674,0.005834275856614113
test:466,Qwen3-8B,43,benign,coordinate_mortality,6,final,11,0.0,0.0,0.03634946048259735,0.03662761300802231,0.03060600347816944,0.0,0.0,1.0,0.0,1.0,0.00574345700442791,-0.0002781525254249573
test:787,Qwen3-8B,43,benign,coordinate_mortality,6,final,50,0.0,0.0,0.02651418372988701,0.03477362170815468,0.022873124107718468,0.0,0.0,1.0,0.0,1.0,0.003641059622168541,-0.00825943797826767
test:63,Qwen3-8B,43,benign,coordinate_mortality,6,final,10,0.0,0.0,0.03554336726665497,0.047407366335392,0.02268475852906704,0.0,0.0,1.0,0.0,1.0,0.012858608737587929,-0.01186399906873703
test:1639,Qwen3-8B,43,benign,coordinate_mortality,6,final,9,0.0,0.0,0.017821434885263443,0.012345847673714161,0.01274794526398182,0.0,0.0,0.0,0.0,1.0,0.005073489621281624,0.005475587211549282
test:2265,Qwen3-8B,43,benign,coordinate_mortality,6,final,10,0.0,0.0,0.028480540961027145,0.018142802640795708,0.02050267904996872,0.0,0.0,0.0,0.0,1.0,0.007977861911058426,0.010337738320231438
test:1745,Qwen3-8B,43,benign,coordinate_mortality,6,final,12,0.0,0.0,0.033715441823005676,0.036397114396095276,0.036690980195999146,0.0,0.0,0.0,0.0,0.0,-0.0029755383729934692,-0.0026816725730895996
test:9,Qwen3-8B,43,benign,coordinate_mortality,6,final,2,0.0,0.0,0.08249546587467194,0.08137275278568268,0.06592001020908356,0.0,0.0,1.0,0.0,1.0,0.01657545566558838,0.0011227130889892578
test:1279,Qwen3-8B,43,benign,coordinate_mortality,6,final,8,0.0,0.0,0.019573291763663292,0.03613991662859917,0.03790043666958809,0.0,0.0,0.0,0.0,0.0,-0.018327144905924797,-0.016566624864935875
test:576,Qwen3-8B,43,benign,coordinate_mortality,6,final,10,0.0,0.0,0.05069540813565254,0.057423077523708344,0.04822539538145065,0.0,0.0,1.0,0.0,1.0,0.002470012754201889,-0.006727669388055801
test:2207,Qwen3-8B,43,benign,coordinate_mortality,6,final,14,0.0,0.0,0.03494197502732277,0.04054011404514313,0.038929570466279984,0.0,0.0,1.0,0.0,0.0,-0.003987595438957214,-0.005598139017820358
test:2168,Qwen3-8B,43,benign,coordinate_mortality,6,final,5,0.0,0.0,0.015089014545083046,0.049067962914705276,0.02239176258444786,0.0,0.0,1.0,0.0,0.0,-0.007302748039364815,-0.03397894836962223
test:805,Qwen3-8B,43,benign,coordinate_mortality,6,final,10,0.0,0.0,0.0527748204767704,0.07015776634216309,0.03743727505207062,0.0,0.0,1.0,0.0,1.0,0.015337545424699783,-0.017382945865392685
test:1197,Qwen3-8B,43,benign,coordinate_mortality,6,final,10,0.0,0.0,0.030485838651657104,0.023731593042612076,0.021593812853097916,0.0,0.0,1.0,0.0,1.0,0.008892025798559189,0.006754245609045029
test:364,Qwen3-8B,43,benign,coordinate_mortality,6,final,19,0.0,0.0,0.020110204815864563,0.031096089631319046,0.04715454950928688,0.0,0.0,0.0,0.0,0.0,-0.027044344693422318,-0.010985884815454483
test:1644,Qwen3-8B,43,benign,coordinate_mortality,6,final,32,0.0,0.0,0.035975079983472824,0.03148322552442551,0.03970971331000328,0.0,0.0,0.0,0.0,0.0,-0.0037346333265304565,0.0044918544590473175
test:91,Qwen3-8B,43,benign,coordinate_mortality,6,final,25,0.0,0.0,0.04965084046125412,0.04608168452978134,0.061679743230342865,0.0,0.0,0.0,0.0,0.0,-0.012028902769088745,0.0035691559314727783
test:328,Qwen3-8B,43,benign,coordinate_mortality,6,final,9,0.0,0.0,0.033421292901039124,0.03176862373948097,0.02254372276365757,0.0,0.0,1.0,0.0,1.0,0.010877570137381554,0.0016526691615581512
test:205,Qwen3-8B,43,benign,coordinate_mortality,6,final,15,0.0,0.0,0.0015346737345680594,0.045384448021650314,0.03670845180749893,0.0,0.0,1.0,0.0,0.0,-0.03517377807293087,-0.043849774287082255
test:1797,Qwen3-8B,43,benign,coordinate_mortality,6,final,10,0.0,0.0,0.017576269805431366,0.026317769661545753,0.02208745665848255,0.0,0.0,1.0,0.0,0.0,-0.004511186853051186,-0.008741499856114388
test:1072,Qwen3-8B,43,benign,coordinate_mortality,6,final,12,0.0,0.0,0.036049336194992065,0.041201069951057434,0.01803530752658844,0.0,0.0,1.0,0.0,1.0,0.018014028668403625,-0.005151733756065369
test:1445,Qwen3-8B,43,benign,coordinate_mortality,6,final,3,0.0,0.0,0.05373515188694,0.07220671325922012,0.06581086665391922,0.0,0.0,1.0,0.0,0.0,-0.012075714766979218,-0.01847156137228012
test:630,Qwen3-8B,43,benign,coordinate_mortality,6,final,46,0.0,0.0,0.060333963483572006,0.04052482172846794,0.03396992012858391,0.0,0.0,1.0,0.0,1.0,0.026364043354988098,0.019809141755104065
test:1252,Qwen3-8B,43,benign,coordinate_mortality,6,final,38,0.0,0.0,0.04818716272711754,0.024492505937814713,0.039362430572509766,0.0,0.0,0.0,0.0,1.0,0.008824732154607773,0.023694656789302826
test:1721,Qwen3-8B,43,benign,coordinate_mortality,6,final,11,0.0,0.0,0.02561040036380291,0.02210959792137146,0.020747873932123184,0.0,0.0,1.0,0.0,1.0,0.004862526431679726,0.00350080244243145
test:236,Qwen3-8B,43,benign,coordinate_mortality,6,final,36,0.0,0.0,0.06083785369992256,0.05651416257023811,0.05529411882162094,0.0,0.0,1.0,0.0,1.0,0.0055437348783016205,0.004323691129684448
test:612,Qwen3-8B,43,benign,coordinate_mortality,6,final,10,0.0,0.0,0.0295571181923151,0.023135440424084663,0.025180598720908165,0.0,0.0,0.0,0.0,1.0,0.004376519471406937,0.006421677768230438
test:354,Qwen3-8B,43,benign,coordinate_mortality,6,final,36,0.0,0.0,0.055103275924921036,0.05962434783577919,0.04777444154024124,0.0,0.0,1.0,0.0,1.0,0.007328834384679794,-0.004521071910858154
test:2047,Qwen3-8B,43,benign,coordinate_mortality,6,final,48,0.0,0.0,0.04241098091006279,0.03559940308332443,0.029182162135839462,0.0,0.0,1.0,0.0,1.0,0.013228818774223328,0.0068115778267383575
test:1687,Qwen3-8B,43,benign,coordinate_mortality,6,final,9,0.0,0.0,0.019936630502343178,0.02209591306746006,0.023016884922981262,0.0,0.0,0.0,0.0,0.0,-0.0030802544206380844,-0.0021592825651168823
test:1787,Qwen3-8B,43,benign,coordinate_mortality,6,final,20,0.0,0.0,0.03765850141644478,0.03150687366724014,0.040028899908065796,0.0,0.0,0.0,0.0,0.0,-0.0023703984916210175,0.006151627749204636
test:896,Qwen3-8B,43,benign,coordinate_mortality,6,final,2,0.0,0.0,0.05264868587255478,0.04505109041929245,0.07029420137405396,0.0,0.0,0.0,0.0,0.0,-0.017645515501499176,0.007597595453262329
test:1282,Qwen3-8B,43,benign,coordinate_mortality,6,final,5,0.0,0.0,0.020815523341298103,0.032222773879766464,0.027866756543517113,0.0,0.0,1.0,0.0,0.0,-0.007051233202219009,-0.011407250538468361
test:1036,Qwen3-8B,43,benign,coordinate_mortality,6,final,37,0.0,0.0,0.02162046730518341,0.017479710280895233,0.015866074711084366,0.0,0.0,1.0,0.0,1.0,0.005754392594099045,0.0041407570242881775
test:2230,Qwen3-8B,43,benign,coordinate_mortality,6,final,3,0.0,0.0,0.04465220496058464,0.041089288890361786,0.046100202947854996,0.0,0.0,0.0,0.0,0.0,-0.0014479979872703552,0.0035629160702228546
test:376,Qwen3-8B,43,benign,coordinate_mortality,6,final,9,0.0,0.0,0.051000919193029404,0.05307251587510109,0.04932393878698349,0.0,0.0,1.0,0.0,1.0,0.0016769804060459137,-0.002071596682071686
test:1544,Qwen3-8B,43,benign,coordinate_mortality,6,final,13,0.0,0.0,0.018680263310670853,0.030310029163956642,0.027767017483711243,0.0,0.0,1.0,0.0,0.0,-0.00908675417304039,-0.01162976585328579
test:863,Qwen3-8B,43,benign,coordinate_mortality,6,final,10,0.0,0.0,0.040452852845191956,0.04058244824409485,0.039898648858070374,0.0,0.0,1.0,0.0,1.0,0.000554203987121582,-0.00012959539890289307
test:2292,Qwen3-8B,43,benign,coordinate_mortality,6,final,11,0.0,0.0,0.022652773186564445,0.010466779582202435,0.01677709072828293,0.0,0.0,0.0,0.0,1.0,0.005875682458281517,0.012185993604362011
test:392,Qwen3-8B,43,benign,coordinate_mortality,6,final,14,0.0,0.0,0.035082243382930756,0.02213100716471672,0.028466351330280304,0.0,0.0,0.0,0.0,1.0,0.006615892052650452,0.012951236218214035
test:1675,Qwen3-8B,43,benign,coordinate_mortality,6,final,12,0.0,0.0,0.007009303197264671,0.023272579535841942,0.021734239533543587,0.0,0.0,1.0,0.0,0.0,-0.014724936336278915,-0.01626327633857727
test:1718,Qwen3-8B,43,benign,coordinate_mortality,6,final,3,0.0,0.0,0.035041872411966324,0.042125359177589417,0.04166904091835022,0.0,0.0,1.0,0.0,0.0,-0.006627168506383896,-0.007083486765623093
test:1150,Qwen3-8B,43,benign,coordinate_mortality,6,final,11,0.0,0.0,0.014980006963014603,0.014053578488528728,0.010610914789140224,0.0,0.0,1.0,0.0,1.0,0.004369092173874378,0.0009264284744858742
test:1659,Qwen3-8B,43,benign,coordinate_mortality,6,final,3,0.0,0.0,0.01646568812429905,0.01894564926624298,0.018922319635748863,0.0,0.0,1.0,0.0,0.0,-0.002456631511449814,-0.0024799611419439316
test:1213,Qwen3-8B,43,benign,coordinate_mortality,6,final,23,0.0,0.0,0.030986223369836807,0.04359908401966095,0.02489594556391239,0.0,0.0,1.0,0.0,1.0,0.006090277805924416,-0.012612860649824142
test:1037,Qwen3-8B,43,benign,coordinate_mortality,6,final,10,0.0,0.0,0.026093225926160812,0.02336476929485798,0.013749729841947556,0.0,0.0,1.0,0.0,1.0,0.012343496084213257,0.0027284566313028336
test:1201,Qwen3-8B,43,benign,coordinate_mortality,6,final,18,0.0,0.0,0.03308041766285896,0.04780704155564308,0.03591059148311615,0.0,0.0,1.0,0.0,0.0,-0.002830173820257187,-0.014726623892784119
test:1093,Qwen3-8B,43,benign,coordinate_mortality,6,final,11,0.0,0.0,0.03858122602105141,0.04129748046398163,0.030604345723986626,0.0,0.0,1.0,0.0,1.0,0.007976880297064781,-0.0027162544429302216
test:37,Qwen3-8B,43,benign,coordinate_mortality,6,final,34,0.0,0.0,0.030546128749847412,0.07070042192935944,0.040690869092941284,0.0,0.0,1.0,0.0,0.0,-0.010144740343093872,-0.040154293179512024
test:785,Qwen3-8B,43,benign,coordinate_mortality,6,final,38,0.0,0.0,0.03538195788860321,0.042697418481111526,0.04079759865999222,0.0,0.0,1.0,0.0,0.0,-0.005415640771389008,-0.007315460592508316
test:1842,Qwen3-8B,43,benign,coordinate_mortality,6,final,10,0.0,0.0,0.03778296336531639,0.04115334525704384,0.03280927240848541,0.0,0.0,1.0,0.0,1.0,0.004973690956830978,-0.0033703818917274475
test:1860,Qwen3-8B,43,benign,coordinate_mortality,6,final,2,0.0,0.0,0.020959293469786644,0.019270537421107292,0.009800916537642479,0.0,0.0,1.0,0.0,1.0,0.011158376932144165,0.0016887560486793518
test:963,Qwen3-8B,43,benign,coordinate_mortality,6,final,42,0.0,0.0,0.05535607412457466,0.06303268671035767,0.025236312299966812,0.0,0.0,1.0,0.0,1.0,0.03011976182460785,-0.007676612585783005
test:827,Qwen3-8B,43,benign,coordinate_mortality,6,final,9,0.0,0.0,0.02484823949635029,0.028239857405424118,0.02743643708527088,0.0,0.0,1.0,0.0,0.0,-0.0025881975889205933,-0.0033916179090738297
test:17,Qwen3-8B,43,benign,coordinate_mortality,6,final,9,0.0,0.0,0.02253691665828228,0.031544994562864304,0.047630295157432556,0.0,0.0,0.0,0.0,0.0,-0.025093378499150276,-0.009008077904582024
test:1937,Qwen3-8B,43,benign,coordinate_mortality,6,final,14,0.0,0.0,0.026171913370490074,0.03694571182131767,0.03979525342583656,0.0,0.0,0.0,0.0,0.0,-0.013623340055346489,-0.010773798450827599
test:765,Qwen3-8B,43,benign,coordinate_mortality,6,final,10,0.0,0.0,0.05614617094397545,0.05672203004360199,0.048937827348709106,0.0,0.0,1.0,0.0,1.0,0.007208343595266342,-0.0005758590996265411
test:2008,Qwen3-8B,43,benign,coordinate_mortality,6,final,43,0.0,0.0,0.054718468338251114,0.036794260144233704,0.04102177545428276,0.0,0.0,0.0,0.0,1.0,0.013696692883968353,0.01792420819401741
test:520,Qwen3-8B,43,benign,coordinate_mortality,6,final,2,0.0,0.0,0.017603499814867973,0.04351745918393135,0.03401812165975571,0.0,0.0,1.0,0.0,0.0,-0.016414621844887733,-0.025913959369063377
test:1124,Qwen3-8B,43,benign,coordinate_mortality,6,final,40,0.0,0.0,0.04329065978527069,0.016539668664336205,0.015536499209702015,0.0,0.0,1.0,0.0,1.0,0.027754160575568676,0.026750991120934486
test:459,Qwen3-8B,43,benign,coordinate_mortality,6,final,23,0.0,0.0,0.02900356985628605,0.030198542401194572,0.02923225238919258,0.0,0.0,1.0,0.0,0.0,-0.0002286825329065323,-0.0011949725449085236
test:177,Qwen3-8B,43,benign,coordinate_mortality,6,final,13,0.0,0.0,0.015054379589855671,0.026380395516753197,0.024590233340859413,0.0,0.0,1.0,0.0,0.0,-0.009535853751003742,-0.011326015926897526
test:192,Qwen3-8B,43,benign,coordinate_mortality,6,final,9,0.0,0.0,0.0439753383398056,0.03440627083182335,0.04298889636993408,0.0,0.0,0.0,0.0,1.0,0.000986441969871521,0.009569067507982254
test:2160,Qwen3-8B,43,benign,coordinate_mortality,6,final,9,0.0,0.0,0.025576705113053322,0.03798448294401169,0.031420327723026276,0.0,0.0,1.0,0.0,0.0,-0.005843622609972954,-0.012407777830958366
test:1617,Qwen3-8B,43,benign,coordinate_mortality,6,final,9,0.0,0.0,0.017947442829608917,0.016930945217609406,0.012295149266719818,0.0,0.0,1.0,0.0,1.0,0.005652293562889099,0.0010164976119995117
test:100,Qwen3-8B,43,benign,coordinate_mortality,6,final,22,0.0,0.0,0.03457266092300415,0.042587798088788986,0.037534233182668686,0.0,0.0,1.0,0.0,0.0,-0.0029615722596645355,-0.008015137165784836
test:693,Qwen3-8B,43,benign,coordinate_mortality,6,final,40,0.0,0.0,0.02563055232167244,0.03292861953377724,0.030070835724473,0.0,0.0,1.0,0.0,0.0,-0.00444028340280056,-0.007298067212104797
test:195,Qwen3-8B,43,benign,coordinate_mortality,6,final,9,0.0,0.0,0.016640106216073036,0.015635831281542778,0.01548827439546585,0.0,0.0,1.0,0.0,1.0,0.0011518318206071854,0.0010042749345302582
test:114,Qwen3-8B,43,benign,coordinate_mortality,6,final,10,0.0,0.0,0.02709980122745037,0.03163721412420273,0.031230786815285683,0.0,0.0,1.0,0.0,0.0,-0.004130985587835312,-0.0045374128967523575
test:2205,Qwen3-8B,43,benign,coordinate_mortality,6,final,37,0.0,0.0,0.03238530829548836,0.036767035722732544,0.040840502828359604,0.0,0.0,0.0,0.0,0.0,-0.008455194532871246,-0.004381727427244186
test:1380,Qwen3-8B,43,benign,coordinate_mortality,6,final,26,0.0,0.0,0.02697083353996277,0.04202079400420189,0.04231655225157738,0.0,0.0,0.0,0.0,0.0,-0.015345718711614609,-0.01504996046423912
test:668,Qwen3-8B,43,benign,coordinate_mortality,6,final,9,0.0,0.0,0.02580922096967697,0.024495305493474007,0.015869541093707085,0.0,0.0,1.0,0.0,1.0,0.009939679875969887,0.0013139154762029648
test:874,Qwen3-8B,43,benign,coordinate_mortality,6,final,5,0.0,0.0,0.035572245717048645,0.05121135711669922,0.043307073414325714,0.0,0.0,1.0,0.0,0.0,-0.007734827697277069,-0.015639111399650574
test:1824,Qwen3-8B,43,benign,coordinate_mortality,6,final,9,0.0,0.0,0.02743455022573471,0.030458109453320503,0.01124571356922388,0.0,0.0,1.0,0.0,1.0,0.01618883665651083,-0.0030235592275857925
test:1248,Qwen3-8B,43,benign,coordinate_mortality,6,final,56,0.0,0.0,0.07056708633899689,0.045304179191589355,0.0015171492705121636,0.0,0.0,1.0,0.0,1.0,0.06904993706848472,0.025262907147407532
test:714,Qwen3-8B,43,benign,coordinate_mortality,6,final,14,0.0,0.0,0.027921725064516068,0.04728521406650543,0.03592139109969139,0.0,0.0,1.0,0.0,0.0,-0.007999666035175323,-0.019363489001989365
test:133,Qwen3-8B,43,benign,coordinate_mortality,6,final,14,0.0,0.0,0.0035672413650900126,0.01749473065137863,0.013299395330250263,0.0,0.0,1.0,0.0,0.0,-0.00973215396516025,-0.013927489286288619
test:162,Qwen3-8B,43,benign,coordinate_mortality,6,final,10,0.0,0.0,0.030093304812908173,0.038535457104444504,0.03981546312570572,0.0,0.0,0.0,0.0,0.0,-0.009722158312797546,-0.008442152291536331
test:2079,Qwen3-8B,43,benign,coordinate_mortality,6,final,11,0.0,0.0,0.022781977429986,0.021732566878199577,0.019817078486084938,0.0,0.0,1.0,0.0,1.0,0.002964898943901062,0.0010494105517864227
test:1795,Qwen3-8B,43,benign,coordinate_mortality,6,final,34,0.0,0.0,0.06863978505134583,0.03709864988923073,0.026917263865470886,0.0,0.0,1.0,0.0,1.0,0.04172252118587494,0.0315411351621151
test:1760,Qwen3-8B,43,benign,coordinate_mortality,6,final,5,0.0,0.0,0.01692928746342659,0.01980210654437542,0.02094239741563797,0.0,0.0,0.0,0.0,0.0,-0.00401310995221138,-0.0028728190809488297
test:1424,Qwen3-8B,43,benign,coordinate_mortality,6,final,2,0.0,0.0,0.027543392032384872,0.03208855912089348,0.023851264268159866,0.0,0.0,1.0,0.0,1.0,0.003692127764225006,-0.004545167088508606
test:62,Qwen3-8B,43,benign,coordinate_mortality,6,final,9,0.0,0.0,0.0324043370783329,0.03568577021360397,0.018724555149674416,0.0,0.0,1.0,0.0,1.0,0.013679781928658485,-0.0032814331352710724
test:522,Qwen3-8B,43,benign,coordinate_mortality,6,final,29,0.0,0.0,0.031126707792282104,0.05341830104589462,0.04647373780608177,0.0,0.0,1.0,0.0,0.0,-0.015347030013799667,-0.02229159325361252
test:1227,Qwen3-8B,43,benign,coordinate_mortality,6,final,30,0.0,0.0,0.04357529059052467,0.04681151360273361,0.04481379687786102,0.0,0.0,1.0,0.0,0.0,-0.0012385062873363495,-0.0032362230122089386
test:397,Qwen3-8B,43,benign,coordinate_mortality,6,final,9,0.0,0.0,0.022435571998357773,0.01863616146147251,0.015454663895070553,0.0,0.0,1.0,0.0,1.0,0.00698090810328722,0.0037994105368852615
test:374,Qwen3-8B,43,benign,coordinate_mortality,6,final,21,0.0,0.0,0.019836338236927986,0.027998296543955803,0.03173096477985382,0.0,0.0,0.0,0.0,0.0,-0.011894626542925835,-0.008161958307027817
test:1078,Qwen3-8B,43,benign,coordinate_mortality,6,final,9,0.0,0.0,0.033964257687330246,0.029466120526194572,0.03451651334762573,0.0,0.0,0.0,0.0,0.0,-0.0005522556602954865,0.0044981371611356735
test:1664,Qwen3-8B,43,benign,coordinate_mortality,6,final,9,0.0,0.0,0.032380472868680954,0.03640042245388031,0.029690224677324295,0.0,0.0,1.0,0.0,1.0,0.002690248191356659,-0.004019949585199356
test:1818,Qwen3-8B,43,benign,coordinate_mortality,6,final,29,0.0,0.0,0.04171515628695488,0.039484765380620956,0.03346621245145798,0.0,0.0,1.0,0.0,1.0,0.008248943835496902,0.0022303909063339233
test:1246,Qwen3-8B,43,benign,coordinate_mortality,6,final,10,0.0,0.0,0.03950655832886696,0.044632624834775925,0.050974033772945404,0.0,0.0,0.0,0.0,0.0,-0.011467475444078445,-0.005126066505908966
test:1887,Qwen3-8B,43,benign,coordinate_mortality,6,final,4,0.0,0.0,0.022432371973991394,0.01646612584590912,0.019997280091047287,0.0,0.0,0.0,0.0,1.0,0.002435091882944107,0.005966246128082275
test:1623,Qwen3-8B,43,benign,coordinate_mortality,6,final,55,0.0,0.0,0.04448246955871582,0.02869616448879242,0.031508032232522964,0.0,0.0,0.0,0.0,1.0,0.012974437326192856,0.0157863050699234
test:196,Qwen3-8B,43,benign,coordinate_mortality,6,final,10,0.0,0.0,0.04361448064446449,0.04744129627943039,0.050325408577919006,0.0,0.0,0.0,0.0,0.0,-0.0067109279334545135,-0.0038268156349658966
test:1899,Qwen3-8B,43,benign,coordinate_mortality,6,final,10,0.0,0.0,0.012198393233120441,0.022008487954735756,0.021332111209630966,0.0,0.0,1.0,0.0,0.0,-0.009133717976510525,-0.009810094721615314
test:1208,Qwen3-8B,43,benign,coordinate_mortality,6,final,39,0.0,0.0,0.047815680503845215,0.033550016582012177,0.029105059802532196,0.0,0.0,1.0,0.0,1.0,0.01871062070131302,0.014265663921833038
test:1441,Qwen3-8B,43,benign,coordinate_mortality,6,final,39,0.0,0.0,0.05693881958723068,0.05181339383125305,0.021747170016169548,0.0,0.0,1.0,0.0,1.0,0.035191649571061134,0.005125425755977631
test:1102,Qwen3-8B,43,benign,coordinate_mortality,6,final,19,0.0,0.0,0.04656212404370308,0.04104384034872055,0.0398552305996418,0.0,0.0,1.0,0.0,1.0,0.006706893444061279,0.005518283694982529
test:76,Qwen3-8B,43,benign,coordinate_mortality,6,final,9,0.0,0.0,0.022969506680965424,0.027228238061070442,0.016986127942800522,0.0,0.0,1.0,0.0,1.0,0.005983378738164902,-0.004258731380105019
test:1855,Qwen3-8B,43,benign,coordinate_mortality,6,final,34,0.0,0.0,0.06653662025928497,0.035768069326877594,0.04020359367132187,0.0,0.0,0.0,0.0,1.0,0.026333026587963104,0.03076855093240738
test:1652,Qwen3-8B,43,benign,coordinate_mortality,6,final,55,0.0,0.0,0.057235948741436005,0.04584162309765816,0.049088094383478165,0.0,0.0,0.0,0.0,1.0,0.00814785435795784,0.011394325643777847
test:355,Qwen3-8B,43,benign,coordinate_mortality,6,final,10,0.0,0.0,0.031730975955724716,0.020613476634025574,0.019033605232834816,0.0,0.0,1.0,0.0,1.0,0.0126973707228899,0.011117499321699142
test:2144,Qwen3-8B,43,benign,coordinate_mortality,6,final,9,0.0,0.0,0.018873155117034912,0.031340133398771286,0.019333908334374428,0.0,0.0,1.0,0.0,0.0,-0.0004607532173395157,-0.012466978281736374
test:210,Qwen3-8B,43,benign,coordinate_mortality,6,final,10,0.0,0.0,0.025500277057290077,0.02434711530804634,0.023544324561953545,0.0,0.0,1.0,0.0,1.0,0.0019559524953365326,0.0011531617492437363
test:1713,Qwen3-8B,43,benign,coordinate_mortality,6,final,11,0.0,0.0,0.028326524421572685,0.02339143492281437,0.0362585186958313,0.0,0.0,0.0,0.0,0.0,-0.007931994274258614,0.004935089498758316
test:1574,Qwen3-8B,43,benign,coordinate_mortality,6,final,55,0.0,0.0,0.04074352607131004,0.027601858600974083,0.04280906170606613,0.0,0.0,0.0,0.0,0.0,-0.0020655356347560883,0.01314166747033596
test:1488,Qwen3-8B,43,benign,coordinate_mortality,6,final,10,0.0,0.0,0.025183722376823425,0.020287062972784042,0.02763660065829754,0.0,0.0,0.0,0.0,0.0,-0.0024528782814741135,0.004896659404039383
test:1868,Qwen3-8B,43,benign,coordinate_mortality,6,final,10,0.0,0.0,0.02890954166650772,0.021604401990771294,0.02594667673110962,0.0,0.0,0.0,0.0,1.0,0.002962864935398102,0.007305139675736427
test:2233,Qwen3-8B,43,benign,coordinate_mortality,6,final,23,0.0,0.0,0.04022864252328873,0.05528062582015991,0.07279399782419205,0.0,0.0,0.0,0.0,0.0,-0.03256535530090332,-0.015051983296871185
test:692,Qwen3-8B,43,benign,coordinate_mortality,6,final,40,0.0,0.0,0.042928729206323624,0.03745220601558685,0.03848736733198166,0.0,0.0,0.0,0.0,1.0,0.004441361874341965,0.005476523190736771
test:1732,Qwen3-8B,43,benign,coordinate_mortality,6,final,38,0.0,0.0,0.051408492028713226,0.060607343912124634,0.03425855562090874,0.0,0.0,1.0,0.0,1.0,0.01714993640780449,-0.009198851883411407
test:1002,Qwen3-8B,43,benign,coordinate_mortality,6,final,19,0.0,0.0,0.026488512754440308,0.012768340297043324,0.03668024390935898,0.0,0.0,0.0,0.0,0.0,-0.01019173115491867,0.013720172457396984
test:1607,Qwen3-8B,43,benign,coordinate_mortality,6,final,25,0.0,0.0,0.0449489988386631,0.010678359307348728,0.014076083898544312,0.0,0.0,0.0,0.0,1.0,0.03087291494011879,0.03427063953131437
test:1123,Qwen3-8B,43,benign,coordinate_mortality,6,final,22,0.0,0.0,0.016172584146261215,0.026326632127165794,0.022154562175273895,0.0,0.0,1.0,0.0,0.0,-0.00598197802901268,-0.01015404798090458
test:120,Qwen3-8B,43,benign,coordinate_mortality,6,final,10,0.0,0.0,0.024721629917621613,0.04425707831978798,0.0493888333439827,0.0,0.0,0.0,0.0,0.0,-0.024667203426361084,-0.019535448402166367
test:652,Qwen3-8B,43,benign,coordinate_mortality,6,final,14,0.0,0.0,0.03305177390575409,0.028437476605176926,0.03517518192529678,0.0,0.0,0.0,0.0,0.0,-0.002123408019542694,0.004614297300577164
test:850,Qwen3-8B,43,benign,coordinate_mortality,6,final,8,0.0,0.0,0.04159419983625412,0.031679730862379074,0.036088570952415466,0.0,0.0,0.0,0.0,1.0,0.0055056288838386536,0.009914468973875046
test:1633,Qwen3-8B,43,benign,coordinate_mortality,6,final,12,0.0,0.0,0.0269536841660738,0.030375860631465912,0.03204607963562012,0.0,0.0,0.0,0.0,0.0,-0.005092395469546318,-0.0034221764653921127
test:1126,Qwen3-8B,43,benign,coordinate_mortality,6,final,11,0.0,0.0,0.02639124169945717,0.06772703677415848,0.05800674483180046,0.0,0.0,1.0,0.0,0.0,-0.03161550313234329,-0.04133579507470131
test:2130,Qwen3-8B,43,benign,coordinate_mortality,6,final,19,0.0,0.0,0.026942502707242966,0.02573155239224434,0.026581326499581337,0.0,0.0,0.0,0.0,1.0,0.0003611762076616287,0.0012109503149986267
test:1982,Qwen3-8B,43,benign,coordinate_mortality,6,final,17,0.0,0.0,0.01090793963521719,0.015600311569869518,0.015360087156295776,0.0,0.0,1.0,0.0,0.0,-0.004452147521078587,-0.0046923719346523285
test:941,Qwen3-8B,43,benign,coordinate_mortality,6,final,5,0.0,0.0,0.03293030336499214,0.02343733049929142,0.05888930708169937,0.0,0.0,0.0,0.0,0.0,-0.02595900371670723,0.009492972865700722
test:1038,Qwen3-8B,43,benign,coordinate_mortality,6,final,5,0.0,0.0,0.023986047133803368,0.024641022086143494,0.02725192718207836,0.0,0.0,0.0,0.0,0.0,-0.003265880048274994,-0.000654974952340126
test:359,Qwen3-8B,43,benign,coordinate_mortality,6,final,10,0.0,0.0,0.044860780239105225,0.03133486211299896,0.03780696541070938,0.0,0.0,0.0,0.0,1.0,0.0070538148283958435,0.013525918126106262
test:1015,Qwen3-8B,43,benign,coordinate_mortality,6,final,33,0.0,0.0,0.03373100608587265,0.026449380442500114,0.029796099290251732,0.0,0.0,0.0,0.0,1.0,0.003934906795620918,0.007281625643372536
test:680,Qwen3-8B,43,benign,coordinate_mortality,6,final,4,0.0,0.0,0.011667739599943161,0.02218613773584366,0.0185347069054842,0.0,0.0,1.0,0.0,0.0,-0.0068669673055410385,-0.010518398135900497
test:1240,Qwen3-8B,43,benign,coordinate_mortality,6,final,4,0.0,0.0,0.04484499990940094,0.043346717953681946,0.04200941324234009,0.0,0.0,1.0,0.0,1.0,0.002835586667060852,0.0014982819557189941
test:1330,Qwen3-8B,43,benign,coordinate_mortality,6,final,24,0.0,0.0,0.03511421009898186,0.03229430317878723,0.028479333966970444,0.0,0.0,1.0,0.0,1.0,0.006634876132011414,0.002819906920194626
test:544,Qwen3-8B,43,benign,coordinate_mortality,6,final,19,0.0,0.0,0.043433256447315216,0.039825282990932465,0.03886754438281059,0.0,0.0,1.0,0.0,1.0,0.004565712064504623,0.0036079734563827515
test:695,Qwen3-8B,43,benign,coordinate_mortality,6,final,25,0.0,0.0,0.021038591861724854,0.03462814912199974,0.02871314063668251,0.0,0.0,1.0,0.0,0.0,-0.007674548774957657,-0.013589557260274887
test:1019,Qwen3-8B,43,benign,coordinate_mortality,6,final,40,0.0,0.0,0.039307866245508194,0.030834488570690155,0.0304853692650795,0.0,0.0,1.0,0.0,1.0,0.008822496980428696,0.008473377674818039
test:2172,Qwen3-8B,43,benign,coordinate_mortality,6,final,37,0.0,0.0,0.03737817332148552,0.08633050322532654,0.06197468191385269,0.0,0.0,1.0,0.0,0.0,-0.024596508592367172,-0.04895232990384102
test:446,Qwen3-8B,43,benign,coordinate_mortality,6,final,39,0.0,0.0,0.054063718765974045,0.018311403691768646,0.0513102151453495,0.0,0.0,0.0,0.0,1.0,0.0027535036206245422,0.0357523150742054
test:7,Qwen3-8B,43,benign,coordinate_mortality,6,final,7,0.0,0.0,0.014907335862517357,0.014029642567038536,0.015029540285468102,0.0,0.0,0.0,0.0,0.0,-0.00012220442295074463,0.0008776932954788208
test:1589,Qwen3-8B,43,benign,coordinate_mortality,6,final,10,0.0,0.0,0.02231045439839363,0.03172814100980759,0.029096750542521477,0.0,0.0,1.0,0.0,0.0,-0.006786296144127846,-0.009417686611413956
test:1087,Qwen3-8B,43,benign,coordinate_mortality,6,final,24,0.0,0.0,0.0492904894053936,0.05046980828046799,0.0521598719060421,0.0,0.0,0.0,0.0,0.0,-0.0028693825006484985,-0.0011793188750743866
test:603,Qwen3-8B,43,benign,coordinate_mortality,6,final,9,0.0,0.0,0.02103077806532383,0.017806386575102806,0.026213843375444412,0.0,0.0,0.0,0.0,0.0,-0.005183065310120583,0.0032243914902210236
test:1608,Qwen3-8B,43,benign,coordinate_mortality,6,final,10,0.0,0.0,0.03006303310394287,0.031852301210165024,0.02368340641260147,0.0,0.0,1.0,0.0,1.0,0.0063796266913414,-0.0017892681062221527
test:774,Qwen3-8B,43,benign,coordinate_mortality,6,final,7,0.0,0.0,0.011691952124238014,0.02276451140642166,0.022209906950592995,0.0,0.0,1.0,0.0,0.0,-0.01051795482635498,-0.011072559282183647
test:1996,Qwen3-8B,43,benign,coordinate_mortality,6,final,30,0.0,0.0,0.046971652656793594,0.035277266055345535,0.02914772927761078,0.0,0.0,1.0,0.0,1.0,0.017823923379182816,0.011694386601448059
test:2221,Qwen3-8B,43,benign,coordinate_mortality,6,final,27,0.0,0.0,0.05506061017513275,0.034367885440588,0.04109180346131325,0.0,0.0,0.0,0.0,1.0,0.013968806713819504,0.020692724734544754
test:1313,Qwen3-8B,43,benign,coordinate_mortality,6,final,45,0.0,0.0,0.056848201900720596,0.043404094874858856,0.0364898256957531,0.0,0.0,1.0,0.0,1.0,0.0203583762049675,0.01344410702586174
test:1515,Qwen3-8B,43,benign,coordinate_mortality,6,final,45,0.0,0.0,0.02834312804043293,0.030419640243053436,0.03410397842526436,0.0,0.0,0.0,0.0,0.0,-0.0057608503848314285,-0.0020765122026205063
test:1418,Qwen3-8B,43,benign,coordinate_mortality,6,final,7,0.0,0.0,0.026415694504976273,0.03530656173825264,0.033098701387643814,0.0,0.0,1.0,0.0,0.0,-0.0066830068826675415,-0.008890867233276367
test:999,Qwen3-8B,43,benign,coordinate_mortality,6,final,5,0.0,0.0,0.030645262449979782,0.03660110756754875,0.01995086297392845,0.0,0.0,1.0,0.0,1.0,0.01069439947605133,-0.00595584511756897
test:1431,Qwen3-8B,43,benign,coordinate_mortality,6,final,10,0.0,0.0,0.020067553967237473,0.024643322452902794,0.029579220339655876,0.0,0.0,0.0,0.0,0.0,-0.009511666372418404,-0.004575768485665321
test:702,Qwen3-8B,43,benign,coordinate_mortality,6,final,11,0.0,0.0,0.011092772707343102,0.031053630635142326,0.03446730971336365,0.0,0.0,0.0,0.0,0.0,-0.023374537006020546,-0.019960857927799225
test:111,Qwen3-8B,43,benign,coordinate_mortality,6,final,43,0.0,0.0,0.03837450593709946,0.06068383529782295,0.04446542263031006,0.0,0.0,1.0,0.0,0.0,-0.006090916693210602,-0.022309329360723495
test:1039,Qwen3-8B,43,benign,coordinate_mortality,6,final,46,0.0,0.0,0.0546424500644207,0.025209501385688782,0.031210333108901978,0.0,0.0,0.0,0.0,1.0,0.023432116955518723,0.02943294867873192
test:586,Qwen3-8B,43,benign,coordinate_mortality,6,final,6,0.0,0.0,0.02064843848347664,0.048097334802150726,0.011467620730400085,0.0,0.0,1.0,0.0,1.0,0.009180817753076553,-0.027448896318674088
test:733,Qwen3-8B,43,benign,coordinate_mortality,6,final,3,0.0,0.0,0.01785109005868435,0.035845983773469925,0.03137714043259621,0.0,0.0,1.0,0.0,0.0,-0.013526050373911858,-0.017994893714785576
test:562,Qwen3-8B,43,benign,coordinate_mortality,6,final,10,0.0,0.0,0.05051151290535927,0.03134762495756149,-0.00046938774175941944,0.0,0.0,1.0,0.0,1.0,0.05098090064711869,0.019163887947797775
test:367,Qwen3-8B,43,benign,coordinate_mortality,6,final,33,0.0,0.0,0.018550416454672813,0.025999369099736214,0.01384661253541708,0.0,0.0,1.0,0.0,1.0,0.0047038039192557335,-0.0074489526450634
test:2093,Qwen3-8B,43,benign,coordinate_mortality,6,final,10,0.0,0.0,0.04176972806453705,0.044616714119911194,0.04153711348772049,0.0,0.0,1.0,0.0,1.0,0.00023261457681655884,-0.0028469860553741455
test:298,Qwen3-8B,43,benign,coordinate_mortality,6,final,19,0.0,0.0,0.047381430864334106,0.03160490095615387,0.03343015909194946,0.0,0.0,0.0,0.0,1.0,0.013951271772384644,0.015776529908180237
test:618,Qwen3-8B,43,benign,coordinate_mortality,6,final,11,0.0,0.0,0.014228629879653454,0.020447954535484314,0.015347568318247795,0.0,0.0,1.0,0.0,0.0,-0.0011189384385943413,-0.00621932465583086
test:213,Qwen3-8B,43,benign,coordinate_mortality,6,final,53,0.0,0.0,0.057243045419454575,0.05578002706170082,0.02882612682878971,0.0,0.0,1.0,0.0,1.0,0.028416918590664864,0.0014630183577537537
test:1770,Qwen3-8B,43,benign,coordinate_mortality,6,final,16,0.0,0.0,0.0249340683221817,0.021050570532679558,0.009758824482560158,0.0,0.0,1.0,0.0,1.0,0.015175243839621544,0.003883497789502144
test:784,Qwen3-8B,43,benign,coordinate_mortality,6,final,10,0.0,0.0,0.05359377712011337,0.051401518285274506,0.05152948200702667,0.0,0.0,0.0,0.0,1.0,0.0020642951130867004,0.002192258834838867
test:748,Qwen3-8B,43,benign,coordinate_mortality,6,final,38,0.0,0.0,0.010747285559773445,0.019002795219421387,0.01583894155919552,0.0,0.0,1.0,0.0,0.0,-0.005091655999422073,-0.008255509659647942
test:691,Qwen3-8B,43,benign,coordinate_mortality,6,final,40,0.0,0.0,0.07890716940164566,0.07333496958017349,0.07758796215057373,0.0,0.0,0.0,0.0,1.0,0.00131920725107193,0.005572199821472168
test:1521,Qwen3-8B,43,benign,coordinate_mortality,6,final,10,0.0,0.0,0.023622088134288788,0.024079149588942528,0.02293907105922699,0.0,0.0,1.0,0.0,1.0,0.0006830170750617981,-0.00045706145465373993
test:153,Qwen3-8B,43,benign,coordinate_mortality,6,final,81,0.0,0.0,0.043738771229982376,0.031286630779504776,0.040125772356987,0.0,0.0,0.0,0.0,1.0,0.0036129988729953766,0.0124521404504776
test:1145,Qwen3-8B,43,benign,coordinate_mortality,6,final,10,0.0,0.0,0.04954201355576515,0.04901095852255821,0.04536941647529602,0.0,0.0,1.0,0.0,1.0,0.0041725970804691315,0.0005310550332069397
test:1941,Qwen3-8B,43,benign,coordinate_mortality,6,final,5,0.0,0.0,0.03478747606277466,0.03575668856501579,0.03313988447189331,0.0,0.0,1.0,0.0,1.0,0.0016475915908813477,-0.0009692125022411346
test:128,Qwen3-8B,43,benign,coordinate_mortality,6,final,41,0.0,0.0,0.031616225838661194,0.027504287660121918,0.03508080914616585,0.0,0.0,0.0,0.0,0.0,-0.003464583307504654,0.004111938178539276
test:499,Qwen3-8B,43,benign,coordinate_mortality,6,final,35,0.0,0.0,0.055592406541109085,0.018387366086244583,0.01722164824604988,0.0,0.0,1.0,0.0,1.0,0.038370758295059204,0.0372050404548645
test:869,Qwen3-8B,43,benign,coordinate_mortality,6,final,3,0.0,0.0,0.03970423340797424,0.02983703278005123,0.01264268346130848,0.0,0.0,1.0,0.0,1.0,0.027061549946665764,0.009867200627923012
test:1236,Qwen3-8B,43,benign,coordinate_mortality,6,final,17,0.0,0.0,0.024554511532187462,0.03589646518230438,0.029405152425169945,0.0,0.0,1.0,0.0,0.0,-0.004850640892982483,-0.01134195365011692
test:1870,Qwen3-8B,43,benign,coordinate_mortality,6,final,18,0.0,0.0,0.018972305580973625,0.022617213428020477,0.0237162783741951,0.0,0.0,0.0,0.0,0.0,-0.004743972793221474,-0.003644907847046852
test:1310,Qwen3-8B,43,benign,coordinate_mortality,6,final,9,0.0,0.0,0.038618315011262894,0.039855387061834335,0.04417217895388603,0.0,0.0,0.0,0.0,0.0,-0.005553863942623138,-0.0012370720505714417
test:1221,Qwen3-8B,43,benign,coordinate_mortality,6,final,22,0.0,0.0,0.02301952615380287,0.02053280733525753,0.0224005039781332,0.0,0.0,0.0,0.0,1.0,0.0006190221756696701,0.0024867188185453415
test:257,Qwen3-8B,43,benign,coordinate_mortality,6,final,10,0.0,0.0,0.03135436028242111,0.02625417336821556,0.028815584257245064,0.0,0.0,0.0,0.0,1.0,0.0025387760251760483,0.005100186914205551
test:1513,Qwen3-8B,43,benign,coordinate_mortality,6,final,23,0.0,0.0,0.010957629419863224,0.019915973767638206,0.025100070983171463,0.0,0.0,0.0,0.0,0.0,-0.014142441563308239,-0.008958344347774982
test:553,Qwen3-8B,43,benign,coordinate_mortality,6,final,10,0.0,0.0,0.0498620830476284,0.0492524690926075,0.004144221544265747,0.0,0.0,1.0,0.0,1.0,0.045717861503362656,0.0006096139550209045
test:1881,Qwen3-8B,43,benign,coordinate_mortality,6,final,24,0.0,0.0,0.061739325523376465,0.05140937864780426,0.0469571016728878,0.0,0.0,1.0,0.0,1.0,0.014782223850488663,0.010329946875572205
test:2262,Qwen3-8B,43,benign,coordinate_mortality,6,final,5,0.0,0.0,0.036024343222379684,0.032803162932395935,0.03239752724766731,0.0,0.0,1.0,0.0,1.0,0.003626815974712372,0.0032211802899837494
test:911,Qwen3-8B,43,benign,coordinate_mortality,6,final,6,0.0,0.0,0.02421160601079464,0.05438019707798958,0.035656969994306564,0.0,0.0,1.0,0.0,0.0,-0.011445363983511925,-0.03016859106719494
test:1947,Qwen3-8B,43,benign,coordinate_mortality,6,final,2,0.0,0.0,0.040000077337026596,0.042582765221595764,0.03969439119100571,0.0,0.0,1.0,0.0,1.0,0.0003056861460208893,-0.002582687884569168
test:675,Qwen3-8B,43,benign,coordinate_mortality,6,final,10,0.0,0.0,0.04806797578930855,0.04574866592884064,0.029057087376713753,0.0,0.0,1.0,0.0,1.0,0.019010888412594795,0.0023193098604679108
test:979,Qwen3-8B,43,benign,coordinate_mortality,6,final,9,0.0,0.0,0.014524920843541622,0.025272274389863014,0.03481375798583031,0.0,0.0,0.0,0.0,0.0,-0.020288837142288685,-0.010747353546321392
test:783,Qwen3-8B,43,benign,coordinate_mortality,6,final,43,0.0,0.0,0.05368708819150925,0.05469164624810219,0.05669013038277626,0.0,0.0,0.0,0.0,0.0,-0.0030030421912670135,-0.0010045580565929413
test:2149,Qwen3-8B,43,benign,coordinate_mortality,6,final,32,0.0,0.0,0.035269998013973236,0.04798242449760437,0.030489496886730194,0.0,0.0,1.0,0.0,1.0,0.004780501127243042,-0.012712426483631134
test:1231,Qwen3-8B,43,benign,coordinate_mortality,6,final,48,0.0,0.0,0.07776105403900146,0.028346046805381775,0.018615128472447395,0.0,0.0,1.0,0.0,1.0,0.05914592556655407,0.04941500723361969
test:68,Qwen3-8B,43,benign,coordinate_mortality,6,final,10,0.0,0.0,0.04775366559624672,0.045228905975818634,0.04819967597723007,0.0,0.0,0.0,0.0,0.0,-0.00044601038098335266,0.0025247596204280853
test:180,Qwen3-8B,43,benign,coordinate_mortality,6,final,21,0.0,0.0,0.009458071552217007,0.01634923182427883,0.014757297933101654,0.0,0.0,1.0,0.0,0.0,-0.005299226380884647,-0.006891160272061825
test:2034,Qwen3-8B,43,benign,coordinate_mortality,6,final,16,0.0,0.0,0.03556303307414055,0.035508617758750916,0.03852696344256401,0.0,0.0,0.0,0.0,0.0,-0.002963930368423462,5.441531538963318e-05
test:1007,Qwen3-8B,43,benign,coordinate_mortality,6,final,37,0.0,0.0,0.05824900418519974,0.046674471348524094,0.04536779224872589,0.0,0.0,1.0,0.0,1.0,0.012881211936473846,0.011574532836675644
test:1917,Qwen3-8B,43,benign,coordinate_mortality,6,final,5,0.0,0.0,0.030462702736258507,0.02839893475174904,0.02954145520925522,0.0,0.0,0.0,0.0,1.0,0.0009212475270032883,0.002063767984509468
test:1869,Qwen3-8B,43,benign,coordinate_mortality,6,final,10,0.0,0.0,0.04050776734948158,0.05381469056010246,0.010453087277710438,0.0,0.0,1.0,0.0,1.0,0.030054680071771145,-0.01330692321062088
test:1819,Qwen3-8B,43,benign,coordinate_mortality,6,final,10,0.0,0.0,0.038988109678030014,0.055540814995765686,0.029356610029935837,0.0,0.0,1.0,0.0,1.0,0.009631499648094177,-0.016552705317735672
test:225,Qwen3-8B,43,benign,coordinate_mortality,6,final,10,0.0,0.0,0.03312216326594353,0.029606230556964874,0.025335364043712616,0.0,0.0,1.0,0.0,1.0,0.007786799222230911,0.003515932708978653
test:1978,Qwen3-8B,43,benign,coordinate_mortality,6,final,43,0.0,0.0,0.06139872595667839,0.07490245997905731,0.08392030000686646,0.0,0.0,0.0,0.0,0.0,-0.022521574050188065,-0.013503734022378922
test:1849,Qwen3-8B,43,benign,coordinate_mortality,6,final,10,0.0,0.0,0.04232242330908775,0.030934378504753113,0.029329700395464897,0.0,0.0,1.0,0.0,1.0,0.012992722913622856,0.01138804480433464
test:1267,Qwen3-8B,43,benign,coordinate_mortality,6,final,4,0.0,0.0,0.020254675298929214,0.029304075986146927,0.025785543024539948,0.0,0.0,1.0,0.0,0.0,-0.005530867725610733,-0.009049400687217712
test:2014,Qwen3-8B,43,benign,coordinate_mortality,6,final,16,0.0,0.0,0.037585578858852386,0.04973631724715233,0.042747434228658676,0.0,0.0,1.0,0.0,0.0,-0.00516185536980629,-0.012150738388299942
test:747,Qwen3-8B,43,benign,coordinate_mortality,6,final,13,0.0,0.0,0.035960402339696884,0.05074356868863106,0.04634206369519234,0.0,0.0,1.0,0.0,0.0,-0.010381661355495453,-0.014783166348934174
test:1536,Qwen3-8B,43,benign,coordinate_mortality,6,final,9,0.0,0.0,0.02062332071363926,0.010979469865560532,0.018688982352614403,0.0,0.0,0.0,0.0,1.0,0.0019343383610248566,0.009643850848078728
test:495,Qwen3-8B,43,benign,coordinate_mortality,6,final,10,0.0,0.0,0.03610319271683693,0.018087344244122505,0.04038495570421219,0.0,0.0,0.0,0.0,0.0,-0.004281762987375259,0.018015848472714424
test:1218,Qwen3-8B,43,benign,coordinate_mortality,6,final,10,0.0,0.0,0.03818400949239731,0.025992920622229576,0.03329797461628914,0.0,0.0,0.0,0.0,1.0,0.0048860348761081696,0.012191088870167732
test:908,Qwen3-8B,43,benign,coordinate_mortality,6,final,37,0.0,0.0,0.06342921406030655,0.046585507690906525,-0.02191799320280552,0.0,0.0,1.0,0.0,1.0,0.08534720726311207,0.016843706369400024
test:284,Qwen3-8B,43,benign,coordinate_mortality,6,final,9,0.0,0.0,0.03555680811405182,0.11077263206243515,0.05875546485185623,0.0,0.0,1.0,0.0,0.0,-0.023198656737804413,-0.07521582394838333
test:307,Qwen3-8B,43,benign,coordinate_mortality,6,final,4,0.0,0.0,0.015791747719049454,0.010779356583952904,0.00804467685520649,0.0,0.0,1.0,0.0,1.0,0.007747070863842964,0.00501239113509655
test:1101,Qwen3-8B,43,benign,coordinate_mortality,6,final,24,0.0,0.0,0.03669983521103859,0.014568733982741833,0.018745293840765953,0.0,0.0,0.0,0.0,1.0,0.017954541370272636,0.022131101228296757
test:2091,Qwen3-8B,43,benign,coordinate_mortality,6,final,56,0.0,0.0,0.07061257213354111,0.049485914409160614,0.04214392229914665,0.0,0.0,1.0,0.0,1.0,0.028468649834394455,0.021126657724380493
test:1343,Qwen3-8B,43,benign,coordinate_mortality,6,final,9,0.0,0.0,0.011733104474842548,0.029759814962744713,0.0327637642621994,0.0,0.0,0.0,0.0,0.0,-0.021030659787356853,-0.018026710487902164
test:312,Qwen3-8B,43,benign,coordinate_mortality,6,final,34,0.0,0.0,0.05734442546963692,0.04614952579140663,0.03171948343515396,0.0,0.0,1.0,0.0,1.0,0.025624942034482956,0.011194899678230286
test:1853,Qwen3-8B,43,benign,coordinate_mortality,6,final,43,0.0,0.0,0.018394626677036285,0.027209492400288582,0.024625375866889954,0.0,0.0,1.0,0.0,0.0,-0.006230749189853668,-0.008814865723252296
test:2161,Qwen3-8B,43,benign,coordinate_mortality,6,final,12,0.0,0.0,0.021402638405561447,0.019019167870283127,0.016466880217194557,0.0,0.0,1.0,0.0,1.0,0.00493575818836689,0.0023834705352783203
test:993,Qwen3-8B,43,benign,coordinate_mortality,6,final,3,0.0,0.0,0.0406961664557457,0.03171151876449585,0.016666028648614883,0.0,0.0,1.0,0.0,1.0,0.024030137807130814,0.008984647691249847
test:1764,Qwen3-8B,43,benign,coordinate_mortality,6,final,14,0.0,0.0,0.03229110315442085,0.060684822499752045,0.03225678578019142,0.0,0.0,1.0,0.0,1.0,3.431737422943115e-05,-0.028393719345331192
test:1238,Qwen3-8B,43,benign,coordinate_mortality,6,final,2,0.0,0.0,0.029239768162369728,0.025139382109045982,0.022436439990997314,0.0,0.0,1.0,0.0,1.0,0.006803328171372414,0.004100386053323746
test:2222,Qwen3-8B,43,benign,coordinate_mortality,6,final,9,0.0,0.0,0.021318983286619186,0.06312812119722366,0.07751938700675964,0.0,0.0,0.0,0.0,0.0,-0.05620040372014046,-0.04180913791060448
test:2007,Qwen3-8B,43,benign,coordinate_mortality,6,final,10,0.0,0.0,0.022325213998556137,0.03491077944636345,0.042699601501226425,0.0,0.0,0.0,0.0,0.0,-0.020374387502670288,-0.012585565447807312
test:1177,Qwen3-8B,43,benign,coordinate_mortality,6,final,13,0.0,0.0,0.027430253103375435,0.030963841825723648,0.030335962772369385,0.0,0.0,1.0,0.0,0.0,-0.00290570966899395,-0.003533588722348213
test:378,Qwen3-8B,43,benign,coordinate_mortality,6,final,10,0.0,0.0,0.03267969936132431,0.026552844792604446,0.015539534389972687,0.0,0.0,1.0,0.0,1.0,0.017140164971351624,0.006126854568719864
test:1086,Qwen3-8B,43,benign,coordinate_mortality,6,final,4,0.0,0.0,0.018756158649921417,0.040897186845541,0.037044648081064224,0.0,0.0,1.0,0.0,0.0,-0.018288489431142807,-0.022141028195619583
test:350,Qwen3-8B,43,benign,coordinate_mortality,6,final,41,0.0,0.0,0.04547085985541344,0.013711749576032162,0.020310744643211365,0.0,0.0,0.0,0.0,1.0,0.025160115212202072,0.031759110279381275
test:2256,Qwen3-8B,43,benign,coordinate_mortality,6,final,6,0.0,0.0,0.012806056067347527,0.0323498360812664,0.025482874363660812,0.0,0.0,1.0,0.0,0.0,-0.012676818296313286,-0.019543780013918877
test:2064,Qwen3-8B,43,benign,coordinate_mortality,6,final,9,0.0,0.0,0.03095254860818386,0.016910359263420105,0.023172518238425255,0.0,0.0,0.0,0.0,1.0,0.007780030369758606,0.014042189344763756
test:635,Qwen3-8B,43,benign,coordinate_mortality,6,final,23,0.0,0.0,0.03550569713115692,0.03583819046616554,0.010334810242056847,0.0,0.0,1.0,0.0,1.0,0.025170886889100075,-0.0003324933350086212
test:2182,Qwen3-8B,43,benign,coordinate_mortality,6,final,10,0.0,0.0,0.04772672802209854,0.050655607134103775,0.04830795153975487,0.0,0.0,1.0,0.0,0.0,-0.0005812235176563263,-0.0029288791120052338
test:502,Qwen3-8B,43,benign,coordinate_mortality,6,final,9,0.0,0.0,0.034719739109277725,0.024602718651294708,0.01959232985973358,0.0,0.0,1.0,0.0,1.0,0.015127409249544144,0.010117020457983017
test:434,Qwen3-8B,43,benign,coordinate_mortality,6,final,10,0.0,0.0,0.048032913357019424,0.05270592123270035,0.04347672313451767,0.0,0.0,1.0,0.0,1.0,0.004556190222501755,-0.0046730078756809235
test:1225,Qwen3-8B,43,benign,coordinate_mortality,6,final,10,0.0,0.0,0.03078393265604973,0.027426064014434814,0.02696390263736248,0.0,0.0,1.0,0.0,1.0,0.0038200300186872482,0.003357868641614914
test:1483,Qwen3-8B,43,benign,coordinate_mortality,6,final,10,0.0,0.0,0.028668846935033798,0.027438048273324966,0.018812334164977074,0.0,0.0,1.0,0.0,1.0,0.009856512770056725,0.0012307986617088318
test:327,Qwen3-8B,43,benign,coordinate_mortality,6,final,50,0.0,0.0,0.05692408233880997,0.05113993585109711,0.04048901051282883,0.0,0.0,1.0,0.0,1.0,0.01643507182598114,0.00578414648771286
test:646,Qwen3-8B,43,benign,coordinate_mortality,6,final,2,0.0,0.0,0.04409334808588028,0.05817950516939163,0.00962922815233469,0.0,0.0,1.0,0.0,1.0,0.03446411993354559,-0.014086157083511353
test:1214,Qwen3-8B,43,benign,coordinate_mortality,6,final,10,0.0,0.0,0.050142597407102585,0.03645496442914009,0.04094652459025383,0.0,0.0,0.0,0.0,1.0,0.009196072816848755,0.013687632977962494
test:1722,Qwen3-8B,43,benign,coordinate_mortality,6,final,6,0.0,0.0,0.030697345733642578,0.045659251511096954,0.045163705945014954,0.0,0.0,1.0,0.0,0.0,-0.014466360211372375,-0.014961905777454376
test:2062,Qwen3-8B,43,benign,coordinate_mortality,6,final,28,0.0,0.0,0.031036345288157463,0.04958822950720787,0.041687577962875366,0.0,0.0,1.0,0.0,0.0,-0.010651232674717903,-0.018551884219050407
test:1009,Qwen3-8B,43,benign,coordinate_mortality,6,final,10,0.0,0.0,0.04902103543281555,0.02844565361738205,0.044213466346263885,0.0,0.0,0.0,0.0,1.0,0.004807569086551666,0.020575381815433502
test:92,Qwen3-8B,43,benign,coordinate_mortality,6,final,10,0.0,0.0,0.03949397802352905,0.03312715142965317,0.02073904685676098,0.0,0.0,1.0,0.0,1.0,0.018754931166768074,0.006366826593875885
test:471,Qwen3-8B,43,benign,coordinate_mortality,6,final,9,0.0,0.0,0.030761312693357468,0.023951532319188118,0.027040980756282806,0.0,0.0,0.0,0.0,1.0,0.0037203319370746613,0.00680978037416935
test:1083,Qwen3-8B,43,benign,coordinate_mortality,6,final,40,0.0,0.0,0.08596938848495483,0.09080483764410019,0.09474894404411316,0.0,0.0,0.0,0.0,0.0,-0.008779555559158325,-0.004835449159145355
test:2108,Qwen3-8B,43,benign,coordinate_mortality,6,final,27,0.0,0.0,0.055455077439546585,0.05363290756940842,0.04778924584388733,0.0,0.0,1.0,0.0,1.0,0.007665831595659256,0.0018221698701381683
test:2227,Qwen3-8B,43,benign,coordinate_mortality,6,final,8,0.0,0.0,0.0049715712666511536,0.027278155088424683,0.021907862275838852,0.0,0.0,1.0,0.0,0.0,-0.0169362910091877,-0.02230658382177353
test:1251,Qwen3-8B,43,benign,coordinate_mortality,6,final,40,0.0,0.0,0.012704994529485703,0.016960326582193375,0.020999129861593246,0.0,0.0,0.0,0.0,0.0,-0.008294135332107544,-0.004255332052707672
test:498,Qwen3-8B,43,benign,coordinate_mortality,6,final,4,0.0,0.0,0.03315895423293114,0.028557801619172096,0.03538614138960838,0.0,0.0,0.0,0.0,0.0,-0.002227187156677246,0.004601152613759041
test:1920,Qwen3-8B,43,benign,coordinate_mortality,6,final,10,0.0,0.0,0.032291196286678314,0.06104050204157829,0.048119883984327316,0.0,0.0,1.0,0.0,0.0,-0.015828687697649002,-0.02874930575489998
test:1845,Qwen3-8B,43,benign,coordinate_mortality,6,final,22,0.0,0.0,0.03292810544371605,0.03943882882595062,0.036258019506931305,0.0,0.0,1.0,0.0,0.0,-0.0033299140632152557,-0.006510723382234573
test:1790,Qwen3-8B,43,benign,coordinate_mortality,6,final,17,0.0,0.0,0.021220330148935318,0.02344462275505066,0.01525814551860094,0.0,0.0,1.0,0.0,1.0,0.005962184630334377,-0.002224292606115341
test:1563,Qwen3-8B,43,benign,coordinate_mortality,6,final,16,0.0,0.0,0.020007412880659103,0.027700457721948624,0.02881765179336071,0.0,0.0,0.0,0.0,0.0,-0.008810238912701607,-0.00769304484128952
test:1715,Qwen3-8B,43,benign,coordinate_mortality,6,final,4,0.0,0.0,0.029878225177526474,0.038369737565517426,0.038708142936229706,0.0,0.0,0.0,0.0,0.0,-0.008829917758703232,-0.008491512387990952
test:1395,Qwen3-8B,43,benign,coordinate_mortality,6,final,16,0.0,0.0,0.030060553923249245,0.052906136959791183,0.042692650109529495,0.0,0.0,1.0,0.0,0.0,-0.01263209618628025,-0.02284558303654194
test:923,Qwen3-8B,43,benign,coordinate_mortality,6,final,23,0.0,0.0,0.03090851940214634,0.02447693422436714,0.021411534398794174,0.0,0.0,1.0,0.0,1.0,0.009496985003352165,0.006431585177779198
test:800,Qwen3-8B,43,benign,coordinate_mortality,6,final,43,0.0,0.0,0.04525584727525711,0.04440002143383026,0.05611683800816536,0.0,0.0,0.0,0.0,0.0,-0.010860990732908249,0.0008558258414268494
test:1525,Qwen3-8B,43,benign,coordinate_mortality,6,final,4,0.0,0.0,0.012245213612914085,0.022072654217481613,0.02648376300930977,0.0,0.0,0.0,0.0,0.0,-0.014238549396395683,-0.009827440604567528
test:617,Qwen3-8B,43,benign,coordinate_mortality,6,final,12,0.0,0.0,0.015986142680048943,0.015448023565113544,0.024233145639300346,0.0,0.0,0.0,0.0,0.0,-0.008247002959251404,0.0005381191149353981
test:2225,Qwen3-8B,43,benign,coordinate_mortality,6,final,10,0.0,0.0,0.03792913258075714,0.03382427617907524,0.03418009355664253,0.0,0.0,0.0,0.0,1.0,0.0037490390241146088,0.0041048564016819
test:125,Qwen3-8B,43,benign,coordinate_mortality,6,final,38,0.0,0.0,0.025705447420477867,0.02136804535984993,0.019986532628536224,0.0,0.0,1.0,0.0,1.0,0.005718914791941643,0.004337402060627937
test:1316,Qwen3-8B,43,benign,coordinate_mortality,6,final,35,0.0,0.0,0.01935514248907566,0.023766884580254555,0.013675548136234283,0.0,0.0,1.0,0.0,1.0,0.005679594352841377,-0.004411742091178894
test:1848,Qwen3-8B,43,benign,coordinate_mortality,6,final,19,0.0,0.0,0.030671754851937294,0.039306383579969406,0.037506185472011566,0.0,0.0,1.0,0.0,0.0,-0.006834430620074272,-0.008634628728032112
test:1481,Qwen3-8B,43,benign,coordinate_mortality,6,final,14,0.0,0.0,0.03609875962138176,0.01904454082250595,0.02078063413500786,0.0,0.0,0.0,0.0,1.0,0.015318125486373901,0.01705421879887581
test:1667,Qwen3-8B,43,benign,coordinate_mortality,6,final,20,0.0,0.0,0.02614680863916874,0.026412777602672577,0.024482131004333496,0.0,0.0,1.0,0.0,1.0,0.0016646776348352432,-0.0002659689635038376
test:1901,Qwen3-8B,43,benign,coordinate_mortality,6,final,48,0.0,0.0,0.032331738620996475,0.03465048223733902,0.034519877284765244,0.0,0.0,1.0,0.0,0.0,-0.0021881386637687683,-0.0023187436163425446
test:1673,Qwen3-8B,43,benign,coordinate_mortality,6,final,55,0.0,0.0,0.02253088727593422,0.038494523614645004,0.03712281212210655,0.0,0.0,1.0,0.0,0.0,-0.014591924846172333,-0.015963636338710785
test:2280,Qwen3-8B,43,benign,coordinate_mortality,6,final,9,0.0,0.0,0.036499861627817154,0.037636566907167435,0.03847773000597954,0.0,0.0,0.0,0.0,0.0,-0.001977868378162384,-0.0011367052793502808
test:2251,Qwen3-8B,43,benign,coordinate_mortality,6,final,33,0.0,0.0,0.040091123431921005,0.028710100799798965,0.02169742062687874,0.0,0.0,1.0,0.0,1.0,0.018393702805042267,0.01138102263212204
test:512,Qwen3-8B,43,benign,coordinate_mortality,6,final,9,0.0,0.0,0.027047595009207726,0.03575548529624939,0.029462872073054314,0.0,0.0,1.0,0.0,0.0,-0.002415277063846588,-0.008707890287041664
test:220,Qwen3-8B,43,benign,coordinate_mortality,6,final,10,0.0,0.0,0.018430223688483238,0.02969576045870781,0.026866592466831207,0.0,0.0,1.0,0.0,0.0,-0.008436368778347969,-0.011265536770224571
test:997,Qwen3-8B,43,benign,coordinate_mortality,6,final,9,0.0,0.0,0.03988966345787048,0.039102423936128616,0.0182343702763319,0.0,0.0,1.0,0.0,1.0,0.021655293181538582,0.0007872395217418671
test:1553,Qwen3-8B,43,benign,coordinate_mortality,6,final,10,0.0,0.0,0.042066700756549835,0.05189308524131775,0.036575548350811005,0.0,0.0,1.0,0.0,1.0,0.005491152405738831,-0.009826384484767914
test:731,Qwen3-8B,43,benign,coordinate_mortality,6,final,4,0.0,0.0,0.010241146199405193,0.03701469302177429,0.0273133534938097,0.0,0.0,1.0,0.0,0.0,-0.017072207294404507,-0.0267735468223691
test:1433,Qwen3-8B,43,benign,coordinate_mortality,6,final,10,0.0,0.0,0.03917274251580238,0.02725430577993393,0.016944510862231255,0.0,0.0,1.0,0.0,1.0,0.02222823165357113,0.011918436735868454
test:65,Qwen3-8B,43,benign,coordinate_mortality,6,final,22,0.0,0.0,0.034631844609975815,0.0473291277885437,0.04762052372097969,0.0,0.0,0.0,0.0,0.0,-0.012988679111003876,-0.012697283178567886
test:1575,Qwen3-8B,43,benign,coordinate_mortality,6,final,10,0.0,0.0,0.02205929346382618,0.033936403691768646,0.026178302243351936,0.0,0.0,1.0,0.0,0.0,-0.004119008779525757,-0.011877110227942467
test:1784,Qwen3-8B,43,benign,coordinate_mortality,6,final,10,0.0,0.0,0.01890978030860424,0.019300537183880806,0.02228810079395771,0.0,0.0,0.0,0.0,0.0,-0.00337832048535347,-0.00039075687527656555
test:1566,Qwen3-8B,43,benign,coordinate_mortality,6,final,10,0.0,0.0,0.047291386872529984,0.0446927584707737,0.04029301181435585,0.0,0.0,1.0,0.0,1.0,0.006998375058174133,0.0025986284017562866
test:1807,Qwen3-8B,43,benign,coordinate_mortality,6,final,29,0.0,0.0,0.03719551861286163,0.02630077861249447,0.030121836811304092,0.0,0.0,0.0,0.0,1.0,0.007073681801557541,0.010894740000367165
test:1408,Qwen3-8B,43,benign,coordinate_mortality,6,final,48,0.0,0.0,0.06347333639860153,0.05739288404583931,0.04834455996751785,0.0,0.0,1.0,0.0,1.0,0.01512877643108368,0.006080452352762222
test:621,Qwen3-8B,43,benign,coordinate_mortality,6,final,10,0.0,0.0,0.031106485053896904,0.030074885115027428,0.02655061148107052,0.0,0.0,1.0,0.0,1.0,0.0045558735728263855,0.0010315999388694763
test:531,Qwen3-8B,43,benign,coordinate_mortality,6,final,34,0.0,0.0,0.08589828759431839,0.02410861849784851,0.03329966217279434,0.0,0.0,0.0,0.0,1.0,0.05259862542152405,0.06178966909646988
test:394,Qwen3-8B,43,benign,coordinate_mortality,6,final,44,0.0,0.0,0.047242507338523865,0.026846107095479965,0.0019416104769334197,0.0,0.0,1.0,0.0,1.0,0.045300896861590445,0.0203964002430439
test:641,Qwen3-8B,43,benign,coordinate_mortality,6,final,13,0.0,0.0,0.023407574743032455,0.10115951299667358,0.07151065021753311,0.0,0.0,1.0,0.0,0.0,-0.048103075474500656,-0.07775193825364113
test:2003,Qwen3-8B,43,benign,coordinate_mortality,6,final,10,0.0,0.0,0.030631082132458687,0.023637790232896805,0.03277665376663208,0.0,0.0,0.0,0.0,0.0,-0.0021455716341733932,0.006993291899561882
test:243,Qwen3-8B,43,benign,coordinate_mortality,6,final,22,0.0,0.0,0.016162395477294922,0.023873627185821533,0.033241309225559235,0.0,0.0,0.0,0.0,0.0,-0.017078913748264313,-0.007711231708526611
test:85,Qwen3-8B,43,benign,coordinate_mortality,6,final,34,0.0,0.0,0.04656420275568962,0.028989914804697037,0.04309558868408203,0.0,0.0,0.0,0.0,1.0,0.0034686140716075897,0.017574287950992584
test:847,Qwen3-8B,43,benign,coordinate_mortality,6,final,24,0.0,0.0,0.05414648726582527,0.060160938650369644,0.012036568485200405,0.0,0.0,1.0,0.0,1.0,0.042109918780624866,-0.0060144513845443726
test:4,Qwen3-8B,43,benign,coordinate_mortality,6,final,55,0.0,0.0,0.05048219487071037,0.06005191057920456,0.06422516703605652,0.0,0.0,0.0,0.0,0.0,-0.013742972165346146,-0.009569715708494186
test:468,Qwen3-8B,43,benign,coordinate_mortality,6,final,10,0.0,0.0,0.04110942408442497,0.03339305520057678,0.021116528660058975,0.0,0.0,1.0,0.0,1.0,0.019992895424365997,0.00771636888384819
test:1928,Qwen3-8B,43,benign,coordinate_mortality,6,final,10,0.0,0.0,0.048149943351745605,0.06216741353273392,0.0333951972424984,0.0,0.0,1.0,0.0,1.0,0.014754746109247208,-0.014017470180988312
test:822,Qwen3-8B,43,benign,coordinate_mortality,6,final,34,0.0,0.0,0.04315928742289543,0.025489656254649162,0.05338691920042038,0.0,0.0,0.0,0.0,0.0,-0.010227631777524948,0.01766963116824627
test:1805,Qwen3-8B,43,benign,coordinate_mortality,6,final,19,0.0,0.0,0.03646572679281235,0.04515606537461281,0.022649627178907394,0.0,0.0,1.0,0.0,1.0,0.013816099613904953,-0.00869033858180046
test:879,Qwen3-8B,43,benign,coordinate_mortality,6,final,10,0.0,0.0,0.021359270438551903,0.020371560007333755,0.02756805159151554,0.0,0.0,0.0,0.0,0.0,-0.006208781152963638,0.0009877104312181473
test:1902,Qwen3-8B,43,benign,coordinate_mortality,6,final,9,0.0,0.0,0.02580789104104042,0.031550854444503784,0.03514090180397034,0.0,0.0,0.0,0.0,0.0,-0.009333010762929916,-0.005742963403463364
test:1933,Qwen3-8B,43,benign,coordinate_mortality,6,final,10,0.0,0.0,0.02245095930993557,0.02644936367869377,0.011243571527302265,0.0,0.0,1.0,0.0,1.0,0.011207387782633305,-0.003998404368758202
test:577,Qwen3-8B,43,benign,coordinate_mortality,6,final,6,0.0,0.0,0.02132524363696575,0.0268204677850008,0.030932102352380753,0.0,0.0,0.0,0.0,0.0,-0.009606858715415001,-0.0054952241480350494
test:1749,Qwen3-8B,43,benign,coordinate_mortality,6,final,32,0.0,0.0,0.029498355463147163,0.028216378763318062,0.02505638264119625,0.0,0.0,1.0,0.0,1.0,0.0044419728219509125,0.0012819766998291016
test:15,Qwen3-8B,43,benign,coordinate_mortality,6,final,24,0.0,0.0,0.027672167867422104,0.03373623266816139,0.06360441446304321,0.0,0.0,0.0,0.0,0.0,-0.03593224659562111,-0.006064064800739288
test:1753,Qwen3-8B,43,benign,coordinate_mortality,6,final,5,0.0,0.0,0.0156855471432209,0.030989373102784157,0.03487527742981911,0.0,0.0,0.0,0.0,0.0,-0.019189730286598206,-0.015303825959563255
test:665,Qwen3-8B,43,benign,coordinate_mortality,6,final,9,0.0,0.0,0.02408760040998459,0.027163514867424965,0.025861887261271477,0.0,0.0,1.0,0.0,0.0,-0.0017742868512868881,-0.0030759144574403763
test:569,Qwen3-8B,43,benign,coordinate_mortality,6,final,2,0.0,0.0,0.012098202481865883,0.025261791422963142,0.019667865708470345,0.0,0.0,1.0,0.0,0.0,-0.007569663226604462,-0.01316358894109726
test:1203,Qwen3-8B,43,benign,coordinate_mortality,6,final,10,0.0,0.0,0.03254059702157974,0.03814532235264778,0.024990171194076538,0.0,0.0,1.0,0.0,1.0,0.007550425827503204,-0.005604725331068039
test:2105,Qwen3-8B,43,benign,coordinate_mortality,6,final,4,0.0,0.0,0.10044632852077484,0.09977655112743378,0.1140793189406395,0.0,0.0,0.0,0.0,0.0,-0.013632990419864655,0.0006697773933410645
test:426,Qwen3-8B,43,benign,coordinate_mortality,6,final,10,0.0,0.0,0.0303226038813591,0.02580895461142063,0.022119326516985893,0.0,0.0,1.0,0.0,1.0,0.008203277364373207,0.004513649269938469
test:123,Qwen3-8B,43,benign,coordinate_mortality,6,final,35,0.0,0.0,0.03512865677475929,0.02230161800980568,0.027108781039714813,0.0,0.0,0.0,0.0,1.0,0.00801987573504448,0.012827038764953613
test:1405,Qwen3-8B,43,benign,coordinate_mortality,6,final,18,0.0,0.0,0.03814799711108208,0.03310133144259453,0.023163385689258575,0.0,0.0,1.0,0.0,1.0,0.014984611421823502,0.005046665668487549
test:796,Qwen3-8B,43,benign,coordinate_mortality,6,final,28,0.0,0.0,0.04809921979904175,0.03309673070907593,0.052438121289014816,0.0,0.0,0.0,0.0,0.0,-0.004338901489973068,0.01500248908996582
test:2166,Qwen3-8B,43,benign,coordinate_mortality,6,final,10,0.0,0.0,0.05348479375243187,0.0534508116543293,0.026006989181041718,0.0,0.0,1.0,0.0,1.0,0.027477804571390152,3.398209810256958e-05
test:1179,Qwen3-8B,43,benign,coordinate_mortality,6,final,3,0.0,0.0,0.03805908188223839,0.028947843238711357,0.029099933803081512,0.0,0.0,0.0,0.0,1.0,0.008959148079156876,0.009111238643527031
test:375,Qwen3-8B,43,benign,coordinate_mortality,6,final,13,0.0,0.0,0.0330803282558918,0.028721841052174568,0.015380015596747398,0.0,0.0,1.0,0.0,1.0,0.0177003126591444,0.004358487203717232
test:1143,Qwen3-8B,43,benign,coordinate_mortality,6,final,10,0.0,0.0,0.04676754027605057,0.04428232088685036,0.04516950622200966,0.0,0.0,0.0,0.0,1.0,0.0015980340540409088,0.0024852193892002106
test:1882,Qwen3-8B,43,benign,coordinate_mortality,6,final,23,0.0,0.0,0.04959508031606674,0.03148554265499115,0.046210676431655884,0.0,0.0,0.0,0.0,1.0,0.003384403884410858,0.018109537661075592
test:404,Qwen3-8B,43,benign,coordinate_mortality,6,final,27,0.0,0.0,0.031189650297164917,0.02251308038830757,0.01676805689930916,0.0,0.0,1.0,0.0,1.0,0.014421593397855759,0.008676569908857346
test:2056,Qwen3-8B,43,benign,coordinate_mortality,6,final,10,0.0,0.0,0.04510964825749397,0.04749255254864693,0.040522560477256775,0.0,0.0,1.0,0.0,1.0,0.004587087780237198,-0.002382904291152954
test:1331,Qwen3-8B,43,benign,coordinate_mortality,6,final,14,0.0,0.0,0.06227430701255798,0.04757033288478851,0.03740161657333374,0.0,0.0,1.0,0.0,1.0,0.024872690439224243,0.01470397412776947
test:2255,Qwen3-8B,43,benign,coordinate_mortality,6,final,37,0.0,0.0,0.06629086285829544,0.05686546117067337,0.01667095348238945,0.0,0.0,1.0,0.0,1.0,0.04961990937590599,0.00942540168762207
test:1122,Qwen3-8B,43,benign,coordinate_mortality,6,final,13,0.0,0.0,0.018916787579655647,0.03966135531663895,0.0426052063703537,0.0,0.0,0.0,0.0,0.0,-0.02368841879069805,-0.0207445677369833
test:1063,Qwen3-8B,43,benign,coordinate_mortality,6,final,16,0.0,0.0,0.07262180745601654,-0.0016113753663375974,0.04708203673362732,0.0,0.0,0.0,0.0,1.0,0.02553977072238922,0.07423318282235414
test:1994,Qwen3-8B,43,benign,coordinate_mortality,6,final,26,0.0,0.0,0.02140337973833084,0.04459434747695923,0.04025927931070328,0.0,0.0,1.0,0.0,0.0,-0.018855899572372437,-0.023190967738628387
test:2291,Qwen3-8B,43,benign,coordinate_mortality,6,final,12,0.0,0.0,0.023124422878026962,0.034346360713243484,0.020998036488890648,0.0,0.0,1.0,0.0,1.0,0.0021263863891363144,-0.011221937835216522
test:287,Qwen3-8B,43,benign,coordinate_mortality,6,final,3,0.0,0.0,0.03741597756743431,0.03991534188389778,0.020921975374221802,0.0,0.0,1.0,0.0,1.0,0.01649400219321251,-0.0024993643164634705
test:1257,Qwen3-8B,43,benign,coordinate_mortality,6,final,9,0.0,0.0,0.04581848531961441,0.01725025475025177,0.01969827339053154,0.0,0.0,0.0,0.0,1.0,0.02612021192908287,0.02856823056936264
test:564,Qwen3-8B,43,benign,coordinate_mortality,6,final,13,0.0,0.0,0.01454088557511568,0.023504801094532013,0.02388399839401245,0.0,0.0,0.0,0.0,0.0,-0.00934311281889677,-0.008963915519416332
test:1836,Qwen3-8B,43,benign,coordinate_mortality,6,final,10,0.0,0.0,0.01992742531001568,0.04550032690167427,0.05053986236453056,0.0,0.0,0.0,0.0,0.0,-0.030612437054514885,-0.025572901591658592
test:1915,Qwen3-8B,43,benign,coordinate_mortality,6,final,38,0.0,0.0,0.07046467065811157,0.07186120748519897,0.003955898340791464,0.0,0.0,1.0,0.0,1.0,0.06650877231732011,-0.0013965368270874023
test:444,Qwen3-8B,43,benign,coordinate_mortality,6,final,4,0.0,0.0,0.025535380467772484,0.03306221589446068,0.028683586046099663,0.0,0.0,1.0,0.0,0.0,-0.003148205578327179,-0.007526835426688194
test:2176,Qwen3-8B,43,benign,coordinate_mortality,6,final,18,0.0,0.0,0.01914050802588463,0.01974206231534481,0.0195716954767704,0.0,0.0,1.0,0.0,0.0,-0.0004311874508857727,-0.0006015542894601822
test:2145,Qwen3-8B,43,benign,coordinate_mortality,6,final,10,0.0,0.0,0.041094303131103516,0.04416481405496597,0.011256142519414425,0.0,0.0,1.0,0.0,1.0,0.02983816061168909,-0.0030705109238624573
test:1174,Qwen3-8B,43,benign,coordinate_mortality,6,final,2,0.0,0.0,0.012879998423159122,0.025878768414258957,0.026852566748857498,0.0,0.0,0.0,0.0,0.0,-0.013972568325698376,-0.012998769991099834
test:1230,Qwen3-8B,43,benign,coordinate_mortality,6,final,33,0.0,0.0,0.015748362988233566,0.03193465247750282,0.02369409054517746,0.0,0.0,1.0,0.0,0.0,-0.007945727556943893,-0.016186289489269257
test:1244,Qwen3-8B,43,benign,coordinate_mortality,6,final,19,0.0,0.0,0.03036597929894924,0.03441997617483139,0.013231064192950726,0.0,0.0,1.0,0.0,1.0,0.017134915105998516,-0.004053996875882149
test:606,Qwen3-8B,43,benign,coordinate_mortality,6,final,10,0.0,0.0,0.04825558140873909,0.01397697813808918,0.026154667139053345,0.0,0.0,0.0,0.0,1.0,0.022100914269685745,0.03427860327064991
test:304,Qwen3-8B,43,benign,coordinate_mortality,6,final,18,0.0,0.0,0.021512484177947044,0.02007032372057438,0.024206064641475677,0.0,0.0,0.0,0.0,0.0,-0.002693580463528633,0.0014421604573726654
test:1390,Qwen3-8B,43,benign,coordinate_mortality,6,final,10,0.0,0.0,0.04656270518898964,0.030279211699962616,0.028438780456781387,0.0,0.0,1.0,0.0,1.0,0.018123924732208252,0.016283493489027023
test:1729,Qwen3-8B,43,benign,coordinate_mortality,6,final,23,0.0,0.0,0.023326722905039787,0.040913715958595276,0.029674947261810303,0.0,0.0,1.0,0.0,0.0,-0.0063482243567705154,-0.01758699305355549
test:1454,Qwen3-8B,43,benign,coordinate_mortality,6,final,43,0.0,0.0,0.0496550053358078,0.05050847679376602,0.06514164805412292,0.0,0.0,0.0,0.0,0.0,-0.015486642718315125,-0.0008534714579582214
test:858,Qwen3-8B,43,benign,coordinate_mortality,6,final,22,0.0,0.0,0.048595406115055084,0.043654173612594604,0.0043746610172092915,0.0,0.0,1.0,0.0,1.0,0.04422074509784579,0.00494123250246048
test:771,Qwen3-8B,43,benign,coordinate_mortality,6,final,10,0.0,0.0,0.029835844412446022,0.04232069477438927,0.041723981499671936,0.0,0.0,1.0,0.0,0.0,-0.011888137087225914,-0.012484850361943245
test:660,Qwen3-8B,43,benign,coordinate_mortality,6,final,17,0.0,0.0,0.007705178577452898,0.019490843638777733,0.022974591702222824,0.0,0.0,0.0,0.0,0.0,-0.015269413124769926,-0.011785665061324835
test:888,Qwen3-8B,43,benign,coordinate_mortality,6,final,10,0.0,0.0,0.024290509521961212,0.026331555098295212,0.023746054619550705,0.0,0.0,1.0,0.0,1.0,0.0005444549024105072,-0.0020410455763339996
test:413,Qwen3-8B,43,benign,coordinate_mortality,6,final,4,0.0,0.0,0.0231621153652668,0.012767428532242775,0.03363896533846855,0.0,0.0,0.0,0.0,0.0,-0.010476849973201752,0.010394686833024025
test:130,Qwen3-8B,43,benign,coordinate_mortality,6,final,10,0.0,0.0,0.025991328060626984,0.06005735695362091,0.05849051475524902,0.0,0.0,1.0,0.0,0.0,-0.03249918669462204,-0.03406602889299393
test:1147,Qwen3-8B,43,benign,coordinate_mortality,6,final,3,0.0,0.0,0.025891905650496483,0.03004199080169201,0.032993052154779434,0.0,0.0,0.0,0.0,0.0,-0.007101146504282951,-0.004150085151195526
test:42,Qwen3-8B,43,benign,coordinate_mortality,6,final,14,0.0,0.0,0.02074921503663063,0.01894097402691841,0.033976659178733826,0.0,0.0,0.0,0.0,0.0,-0.013227444142103195,0.0018082410097122192
test:1114,Qwen3-8B,43,benign,coordinate_mortality,6,final,38,0.0,0.0,0.07612814754247665,0.06101126968860626,0.07082756608724594,0.0,0.0,0.0,0.0,1.0,0.005300581455230713,0.015116877853870392
test:1302,Qwen3-8B,43,benign,coordinate_mortality,6,final,9,0.0,0.0,0.02036631666123867,0.030513236299157143,0.02575266733765602,0.0,0.0,1.0,0.0,0.0,-0.005386350676417351,-0.010146919637918472
test:662,Qwen3-8B,43,benign,coordinate_mortality,6,final,10,0.0,0.0,0.028110142797231674,0.03395037725567818,0.03360557556152344,0.0,0.0,1.0,0.0,0.0,-0.005495432764291763,-0.005840234458446503
test:705,Qwen3-8B,43,benign,coordinate_mortality,6,final,10,0.0,0.0,0.05459392070770264,0.0218490082770586,0.02958369441330433,0.0,0.0,0.0,0.0,1.0,0.025010226294398308,0.032744912430644035
test:1413,Qwen3-8B,43,benign,coordinate_mortality,6,final,9,0.0,0.0,0.02025599405169487,0.033864352852106094,0.028227176517248154,0.0,0.0,1.0,0.0,0.0,-0.007971182465553284,-0.013608358800411224
test:940,Qwen3-8B,43,benign,coordinate_mortality,6,final,10,0.0,0.0,0.0276664886623621,0.046407997608184814,0.03615972399711609,0.0,0.0,1.0,0.0,0.0,-0.00849323533475399,-0.018741508945822716
test:2162,Qwen3-8B,43,benign,coordinate_mortality,6,final,17,0.0,0.0,0.014839539304375648,0.012723518535494804,0.0001363348710583523,0.0,0.0,1.0,0.0,1.0,0.014703204433317296,0.002116020768880844
test:51,Qwen3-8B,43,benign,coordinate_mortality,6,final,28,0.0,0.0,0.05477522313594818,0.06707655638456345,0.08768194168806076,0.0,0.0,0.0,0.0,0.0,-0.03290671855211258,-0.012301333248615265
test:914,Qwen3-8B,43,benign,coordinate_mortality,6,final,37,0.0,0.0,0.05311982333660126,0.059278231114149094,-0.009016105905175209,0.0,0.0,1.0,0.0,1.0,0.062135929241776466,-0.006158407777547836
test:1558,Qwen3-8B,43,benign,coordinate_mortality,6,final,13,0.0,0.0,0.022628432139754295,0.059598345309495926,0.06346407532691956,0.0,0.0,0.0,0.0,0.0,-0.04083564318716526,-0.03696991316974163
test:351,Qwen3-8B,43,benign,coordinate_mortality,6,final,10,0.0,0.0,0.03077106922864914,0.020710501819849014,0.01681005023419857,0.0,0.0,1.0,0.0,1.0,0.01396101899445057,0.010060567408800125
test:1503,Qwen3-8B,43,benign,coordinate_mortality,6,final,39,0.0,0.0,0.03809799998998642,0.04475301131606102,0.032672520726919174,0.0,0.0,1.0,0.0,1.0,0.0054254792630672455,-0.0066550113260746
test:1138,Qwen3-8B,43,benign,coordinate_mortality,6,final,10,0.0,0.0,0.027374284341931343,0.020270148292183876,0.011339778080582619,0.0,0.0,1.0,0.0,1.0,0.016034506261348724,0.007104136049747467
test:1205,Qwen3-8B,43,benign,coordinate_mortality,6,final,10,0.0,0.0,0.04501757398247719,0.04802662879228592,-0.006557154934853315,0.0,0.0,1.0,0.0,1.0,0.0515747289173305,-0.003009054809808731
test:279,Qwen3-8B,43,benign,coordinate_mortality,6,final,9,0.0,0.0,0.03327666223049164,0.029480241239070892,0.020731862634420395,0.0,0.0,1.0,0.0,1.0,0.012544799596071243,0.003796420991420746
test:1783,Qwen3-8B,43,benign,coordinate_mortality,6,final,4,0.0,0.0,0.034185491502285004,0.03455617278814316,0.007660418748855591,0.0,0.0,1.0,0.0,1.0,0.026525072753429413,-0.0003706812858581543
test:684,Qwen3-8B,43,benign,coordinate_mortality,6,final,33,0.0,0.0,0.05185317248106003,0.02408626303076744,0.04044317454099655,0.0,0.0,0.0,0.0,1.0,0.011409997940063477,0.027766909450292587
test:158,Qwen3-8B,43,benign,coordinate_mortality,6,final,10,0.0,0.0,0.018224649131298065,0.04516735300421715,0.04767586290836334,0.0,0.0,0.0,0.0,0.0,-0.029451213777065277,-0.026942703872919083
test:295,Qwen3-8B,43,benign,coordinate_mortality,6,final,3,0.0,0.0,0.0505346953868866,0.0335477776825428,0.01442804466933012,0.0,0.0,1.0,0.0,1.0,0.03610665071755648,0.016986917704343796
test:1988,Qwen3-8B,43,benign,coordinate_mortality,6,final,2,0.0,0.0,0.021909642964601517,0.027458572760224342,0.02487342618405819,0.0,0.0,1.0,0.0,0.0,-0.0029637832194566727,-0.005548929795622826
test:1735,Qwen3-8B,43,benign,coordinate_mortality,6,final,10,0.0,0.0,0.03158337250351906,0.022884024307131767,0.015983950346708298,0.0,0.0,1.0,0.0,1.0,0.01559942215681076,0.008699348196387291
test:179,Qwen3-8B,43,benign,coordinate_mortality,6,final,23,0.0,0.0,0.0497388020157814,0.0593220479786396,0.0046952576376497746,0.0,0.0,1.0,0.0,1.0,0.04504354437813163,-0.0095832459628582
test:1458,Qwen3-8B,43,benign,coordinate_mortality,6,final,9,0.0,0.0,0.03623756021261215,0.03792406618595123,-0.013834042474627495,0.0,0.0,1.0,0.0,1.0,0.05007160268723965,-0.0016865059733390808
